 insert  into workflow values ( 1 , 'workflow1' , 'w1' , 1 ) 
 insert  into workflow values ( 2 , 'workflow2' , 'w2' , 2 ) 
 insert  into workflow values ( 3 , 'workflow3' , 'w3' , 4 ) 
 insert  into workflow values ( 4 , 'workflow4' , 'w4' , 2 ) 
 insert  into workflow values ( 5 , 'workflow5' , 'w5' , 2 ) 
 insert  into workflow values ( 6 , 'workflow6' , 'w6' , 3 ) 
 insert  into workflow values ( 7 , 'workflow7' , 'w7' , 4 ) 
 insert  into workflow values ( 8 , 'workflow8' , 'w8' , 3 ) 
 insert  into workflow values ( 9 , 'workflow9' , 'w9' , 3 ) 
 insert  into workflow values ( 10 , 'workflow10' , 'w10' , 2 ) 
 insert  into workflow values ( 11 , 'workflow11' , 'w11' , 3 ) 
 insert  into workflow values ( 12 , 'workflow12' , 'w12' , 1 ) 
 insert  into workflow values ( 13 , 'workflow13' , 'w13' , 4 ) 
 insert  into workflow values ( 14 , 'workflow14' , 'w14' , 4 ) 
 insert  into workflow values ( 15 , 'workflow15' , 'w15' , 1 ) 
 insert  into workflow values ( 16 , 'workflow16' , 'w16' , 3 ) 
 insert  into workflow values ( 17 , 'workflow17' , 'w17' , 2 ) 
 insert  into workflow values ( 18 , 'workflow18' , 'w18' , 1 ) 
 insert  into workflow values ( 19 , 'workflow19' , 'w19' , 4 ) 
 insert  into workflow values ( 20 , 'workflow20' , 'w20' , 2 ) 
 insert  into workflow values ( 21 , 'workflow21' , 'w21' , 4 ) 
 insert  into workflow values ( 22 , 'workflow22' , 'w22' , 2 ) 
 insert  into workflow values ( 23 , 'workflow23' , 'w23' , 2 ) 
 insert  into workflow values ( 24 , 'workflow24' , 'w24' , 4 ) 
 insert  into workflow values ( 25 , 'workflow25' , 'w25' , 4 ) 
 insert  into workflow values ( 26 , 'workflow26' , 'w26' , 3 ) 
 insert  into workflow values ( 27 , 'workflow27' , 'w27' , 2 ) 
 insert  into workflow values ( 28 , 'workflow28' , 'w28' , 2 ) 
 insert  into workflow values ( 29 , 'workflow29' , 'w29' , 3 ) 
 insert  into workflow values ( 30 , 'workflow30' , 'w30' , 2 ) 
 insert  into workflow values ( 31 , 'workflow31' , 'w31' , 2 ) 
 insert  into workflow values ( 32 , 'workflow32' , 'w32' , 4 ) 
 insert  into workflow values ( 33 , 'workflow33' , 'w33' , 1 ) 
 insert  into workflow values ( 34 , 'workflow34' , 'w34' , 3 ) 
 insert  into workflow values ( 35 , 'workflow35' , 'w35' , 4 ) 
 insert  into workflow values ( 36 , 'workflow36' , 'w36' , 4 ) 
 insert  into workflow values ( 37 , 'workflow37' , 'w37' , 4 ) 
 insert  into workflow values ( 38 , 'workflow38' , 'w38' , 4 ) 
 insert  into workflow values ( 39 , 'workflow39' , 'w39' , 4 ) 
 insert  into workflow values ( 40 , 'workflow40' , 'w40' , 1 ) 
 insert  into workflow values ( 41 , 'workflow41' , 'w41' , 4 ) 
 insert  into workflow values ( 42 , 'workflow42' , 'w42' , 2 ) 
 insert  into workflow values ( 43 , 'workflow43' , 'w43' , 1 ) 
 insert  into workflow values ( 44 , 'workflow44' , 'w44' , 4 ) 
 insert  into workflow values ( 45 , 'workflow45' , 'w45' , 2 ) 
 insert  into workflow values ( 46 , 'workflow46' , 'w46' , 1 ) 
 insert  into workflow values ( 47 , 'workflow47' , 'w47' , 2 ) 
 insert  into workflow values ( 48 , 'workflow48' , 'w48' , 2 ) 
 insert  into workflow values ( 49 , 'workflow49' , 'w49' , 1 ) 
 insert  into workflow values ( 50 , 'workflow50' , 'w50' , 4 ) 
 insert  into workflow values ( 51 , 'workflow51' , 'w51' , 4 ) 
 insert  into workflow values ( 52 , 'workflow52' , 'w52' , 3 ) 
 insert  into workflow values ( 53 , 'workflow53' , 'w53' , 1 ) 
 insert  into workflow values ( 54 , 'workflow54' , 'w54' , 1 ) 
 insert  into workflow values ( 55 , 'workflow55' , 'w55' , 1 ) 
 insert  into workflow values ( 56 , 'workflow56' , 'w56' , 4 ) 
 insert  into workflow values ( 57 , 'workflow57' , 'w57' , 3 ) 
 insert  into workflow values ( 58 , 'workflow58' , 'w58' , 3 ) 
 insert  into workflow values ( 59 , 'workflow59' , 'w59' , 1 ) 
 insert  into workflow values ( 60 , 'workflow60' , 'w60' , 1 ) 
 insert  into workflow values ( 61 , 'workflow61' , 'w61' , 4 ) 
 insert  into workflow values ( 62 , 'workflow62' , 'w62' , 2 ) 
 insert  into workflow values ( 63 , 'workflow63' , 'w63' , 4 ) 
 insert  into workflow values ( 64 , 'workflow64' , 'w64' , 1 ) 
 insert  into workflow values ( 65 , 'workflow65' , 'w65' , 2 ) 
 insert  into workflow values ( 66 , 'workflow66' , 'w66' , 4 ) 
 insert  into workflow values ( 67 , 'workflow67' , 'w67' , 2 ) 
 insert  into workflow values ( 68 , 'workflow68' , 'w68' , 4 ) 
 insert  into workflow values ( 69 , 'workflow69' , 'w69' , 2 ) 
 insert  into workflow values ( 70 , 'workflow70' , 'w70' , 4 ) 
 insert  into workflow values ( 71 , 'workflow71' , 'w71' , 1 ) 
 insert  into workflow values ( 72 , 'workflow72' , 'w72' , 3 ) 
 insert  into workflow values ( 73 , 'workflow73' , 'w73' , 4 ) 
 insert  into workflow values ( 74 , 'workflow74' , 'w74' , 3 ) 
 insert  into workflow values ( 75 , 'workflow75' , 'w75' , 2 ) 
 insert  into workflow values ( 76 , 'workflow76' , 'w76' , 4 ) 
 insert  into workflow values ( 77 , 'workflow77' , 'w77' , 4 ) 
 insert  into workflow values ( 78 , 'workflow78' , 'w78' , 4 ) 
 insert  into workflow values ( 79 , 'workflow79' , 'w79' , 2 ) 
 insert  into workflow values ( 80 , 'workflow80' , 'w80' , 3 ) 
 insert  into workflow values ( 81 , 'workflow81' , 'w81' , 3 ) 
 insert  into workflow values ( 82 , 'workflow82' , 'w82' , 4 ) 
 insert  into workflow values ( 83 , 'workflow83' , 'w83' , 3 ) 
 insert  into workflow values ( 84 , 'workflow84' , 'w84' , 2 ) 
 insert  into workflow values ( 85 , 'workflow85' , 'w85' , 2 ) 
 insert  into workflow values ( 86 , 'workflow86' , 'w86' , 3 ) 
 insert  into workflow values ( 87 , 'workflow87' , 'w87' , 2 ) 
 insert  into workflow values ( 88 , 'workflow88' , 'w88' , 3 ) 
 insert  into workflow values ( 89 , 'workflow89' , 'w89' , 1 ) 
 insert  into workflow values ( 90 , 'workflow90' , 'w90' , 2 ) 
 insert  into workflow values ( 91 , 'workflow91' , 'w91' , 3 ) 
 insert  into workflow values ( 92 , 'workflow92' , 'w92' , 4 ) 
 insert  into workflow values ( 93 , 'workflow93' , 'w93' , 4 ) 
 insert  into workflow values ( 94 , 'workflow94' , 'w94' , 1 ) 
 insert  into workflow values ( 95 , 'workflow95' , 'w95' , 1 ) 
 insert  into workflow values ( 96 , 'workflow96' , 'w96' , 3 ) 
 insert  into workflow values ( 97 , 'workflow97' , 'w97' , 1 ) 
 insert  into workflow values ( 98 , 'workflow98' , 'w98' , 1 ) 
 insert  into workflow values ( 99 , 'workflow99' , 'w99' , 2 ) 
 insert  into workflow values ( 100 , 'workflow100' , 'w100' , 1 ) 
 insert  into workflow values ( 101 , 'workflow101' , 'w101' , 3 ) 
 insert  into workflow values ( 102 , 'workflow102' , 'w102' , 2 ) 
 insert  into workflow values ( 103 , 'workflow103' , 'w103' , 1 ) 
 insert  into workflow values ( 104 , 'workflow104' , 'w104' , 1 ) 
 insert  into workflow values ( 105 , 'workflow105' , 'w105' , 3 ) 
 insert  into workflow values ( 106 , 'workflow106' , 'w106' , 1 ) 
 insert  into workflow values ( 107 , 'workflow107' , 'w107' , 1 ) 
 insert  into workflow values ( 108 , 'workflow108' , 'w108' , 3 ) 
 insert  into workflow values ( 109 , 'workflow109' , 'w109' , 2 ) 
 insert  into workflow values ( 110 , 'workflow110' , 'w110' , 4 ) 
 insert  into workflow values ( 111 , 'workflow111' , 'w111' , 4 ) 
 insert  into workflow values ( 112 , 'workflow112' , 'w112' , 1 ) 
 insert  into workflow values ( 113 , 'workflow113' , 'w113' , 4 ) 
 insert  into workflow values ( 114 , 'workflow114' , 'w114' , 2 ) 
 insert  into workflow values ( 115 , 'workflow115' , 'w115' , 4 ) 
 insert  into workflow values ( 116 , 'workflow116' , 'w116' , 4 ) 
 insert  into workflow values ( 117 , 'workflow117' , 'w117' , 1 ) 
 insert  into workflow values ( 118 , 'workflow118' , 'w118' , 2 ) 
 insert  into workflow values ( 119 , 'workflow119' , 'w119' , 4 ) 
 insert  into workflow values ( 120 , 'workflow120' , 'w120' , 4 ) 
 insert  into workflow values ( 121 , 'workflow121' , 'w121' , 1 ) 
 insert  into workflow values ( 122 , 'workflow122' , 'w122' , 1 ) 
 insert  into workflow values ( 123 , 'workflow123' , 'w123' , 2 ) 
 insert  into workflow values ( 124 , 'workflow124' , 'w124' , 3 ) 
 insert  into workflow values ( 125 , 'workflow125' , 'w125' , 4 ) 
 insert  into workflow values ( 126 , 'workflow126' , 'w126' , 4 ) 
 insert  into workflow values ( 127 , 'workflow127' , 'w127' , 3 ) 
 insert  into workflow values ( 128 , 'workflow128' , 'w128' , 3 ) 
 insert  into workflow values ( 129 , 'workflow129' , 'w129' , 4 ) 
 insert  into workflow values ( 130 , 'workflow130' , 'w130' , 4 ) 
 insert  into workflow values ( 131 , 'workflow131' , 'w131' , 2 ) 
 insert  into workflow values ( 132 , 'workflow132' , 'w132' , 2 ) 
 insert  into workflow values ( 133 , 'workflow133' , 'w133' , 2 ) 
 insert  into workflow values ( 134 , 'workflow134' , 'w134' , 3 ) 
 insert  into workflow values ( 135 , 'workflow135' , 'w135' , 2 ) 
 insert  into workflow values ( 136 , 'workflow136' , 'w136' , 3 ) 
 insert  into workflow values ( 137 , 'workflow137' , 'w137' , 4 ) 
 insert  into workflow values ( 138 , 'workflow138' , 'w138' , 3 ) 
 insert  into workflow values ( 139 , 'workflow139' , 'w139' , 4 ) 
 insert  into workflow values ( 140 , 'workflow140' , 'w140' , 1 ) 
 insert  into workflow values ( 141 , 'workflow141' , 'w141' , 2 ) 
 insert  into workflow values ( 142 , 'workflow142' , 'w142' , 4 ) 
 insert  into workflow values ( 143 , 'workflow143' , 'w143' , 2 ) 
 insert  into workflow values ( 144 , 'workflow144' , 'w144' , 4 ) 
 insert  into workflow values ( 145 , 'workflow145' , 'w145' , 4 ) 
 insert  into workflow values ( 146 , 'workflow146' , 'w146' , 3 ) 
 insert  into workflow values ( 147 , 'workflow147' , 'w147' , 3 ) 
 insert  into workflow values ( 148 , 'workflow148' , 'w148' , 3 ) 
 insert  into workflow values ( 149 , 'workflow149' , 'w149' , 2 ) 
 insert  into workflow values ( 150 , 'workflow150' , 'w150' , 3 ) 
 insert  into workflow values ( 151 , 'workflow151' , 'w151' , 3 ) 
 insert  into workflow values ( 152 , 'workflow152' , 'w152' , 2 ) 
 insert  into workflow values ( 153 , 'workflow153' , 'w153' , 3 ) 
 insert  into workflow values ( 154 , 'workflow154' , 'w154' , 3 ) 
 insert  into workflow values ( 155 , 'workflow155' , 'w155' , 2 ) 
 insert  into workflow values ( 156 , 'workflow156' , 'w156' , 3 ) 
 insert  into workflow values ( 157 , 'workflow157' , 'w157' , 4 ) 
 insert  into workflow values ( 158 , 'workflow158' , 'w158' , 4 ) 
 insert  into workflow values ( 159 , 'workflow159' , 'w159' , 4 ) 
 insert  into workflow values ( 160 , 'workflow160' , 'w160' , 1 ) 
 insert  into workflow values ( 161 , 'workflow161' , 'w161' , 2 ) 
 insert  into workflow values ( 162 , 'workflow162' , 'w162' , 1 ) 
 insert  into workflow values ( 163 , 'workflow163' , 'w163' , 3 ) 
 insert  into workflow values ( 164 , 'workflow164' , 'w164' , 3 ) 
 insert  into workflow values ( 165 , 'workflow165' , 'w165' , 2 ) 
 insert  into workflow values ( 166 , 'workflow166' , 'w166' , 4 ) 
 insert  into workflow values ( 167 , 'workflow167' , 'w167' , 4 ) 
 insert  into workflow values ( 168 , 'workflow168' , 'w168' , 1 ) 
 insert  into workflow values ( 169 , 'workflow169' , 'w169' , 3 ) 
 insert  into workflow values ( 170 , 'workflow170' , 'w170' , 1 ) 
 insert  into workflow values ( 171 , 'workflow171' , 'w171' , 1 ) 
 insert  into workflow values ( 172 , 'workflow172' , 'w172' , 3 ) 
 insert  into workflow values ( 173 , 'workflow173' , 'w173' , 4 ) 
 insert  into workflow values ( 174 , 'workflow174' , 'w174' , 4 ) 
 insert  into workflow values ( 175 , 'workflow175' , 'w175' , 4 ) 
 insert  into workflow values ( 176 , 'workflow176' , 'w176' , 1 ) 
 insert  into workflow values ( 177 , 'workflow177' , 'w177' , 1 ) 
 insert  into workflow values ( 178 , 'workflow178' , 'w178' , 1 ) 
 insert  into workflow values ( 179 , 'workflow179' , 'w179' , 4 ) 
 insert  into workflow values ( 180 , 'workflow180' , 'w180' , 4 ) 
 insert  into workflow values ( 181 , 'workflow181' , 'w181' , 2 ) 
 insert  into workflow values ( 182 , 'workflow182' , 'w182' , 3 ) 
 insert  into workflow values ( 183 , 'workflow183' , 'w183' , 1 ) 
 insert  into workflow values ( 184 , 'workflow184' , 'w184' , 1 ) 
 insert  into workflow values ( 185 , 'workflow185' , 'w185' , 3 ) 
 insert  into workflow values ( 186 , 'workflow186' , 'w186' , 2 ) 
 insert  into workflow values ( 187 , 'workflow187' , 'w187' , 3 ) 
 insert  into workflow values ( 188 , 'workflow188' , 'w188' , 4 ) 
 insert  into workflow values ( 189 , 'workflow189' , 'w189' , 1 ) 
 insert  into workflow values ( 190 , 'workflow190' , 'w190' , 1 ) 
 insert  into workflow values ( 191 , 'workflow191' , 'w191' , 4 ) 
 insert  into workflow values ( 192 , 'workflow192' , 'w192' , 4 ) 
 insert  into workflow values ( 193 , 'workflow193' , 'w193' , 1 ) 
 insert  into workflow values ( 194 , 'workflow194' , 'w194' , 1 ) 
 insert  into workflow values ( 195 , 'workflow195' , 'w195' , 3 ) 
 insert  into workflow values ( 196 , 'workflow196' , 'w196' , 3 ) 
 insert  into workflow values ( 197 , 'workflow197' , 'w197' , 2 ) 
 insert  into workflow values ( 198 , 'workflow198' , 'w198' , 2 ) 
 insert  into workflow values ( 199 , 'workflow199' , 'w199' , 2 ) 
 insert  into workflow values ( 200 , 'workflow200' , 'w200' , 4 ) 
 insert  into workflow values ( 201 , 'workflow201' , 'w201' , 2 ) 
 insert  into workflow values ( 202 , 'workflow202' , 'w202' , 3 ) 
 insert  into workflow values ( 203 , 'workflow203' , 'w203' , 1 ) 
 insert  into workflow values ( 204 , 'workflow204' , 'w204' , 3 ) 
 insert  into workflow values ( 205 , 'workflow205' , 'w205' , 4 ) 
 insert  into workflow values ( 206 , 'workflow206' , 'w206' , 4 ) 
 insert  into workflow values ( 207 , 'workflow207' , 'w207' , 1 ) 
 insert  into workflow values ( 208 , 'workflow208' , 'w208' , 3 ) 
 insert  into workflow values ( 209 , 'workflow209' , 'w209' , 4 ) 
 insert  into workflow values ( 210 , 'workflow210' , 'w210' , 2 ) 
 insert  into workflow values ( 211 , 'workflow211' , 'w211' , 1 ) 
 insert  into workflow values ( 212 , 'workflow212' , 'w212' , 4 ) 
 insert  into workflow values ( 213 , 'workflow213' , 'w213' , 2 ) 
 insert  into workflow values ( 214 , 'workflow214' , 'w214' , 3 ) 
 insert  into workflow values ( 215 , 'workflow215' , 'w215' , 2 ) 
 insert  into workflow values ( 216 , 'workflow216' , 'w216' , 1 ) 
 insert  into workflow values ( 217 , 'workflow217' , 'w217' , 2 ) 
 insert  into workflow values ( 218 , 'workflow218' , 'w218' , 3 ) 
 insert  into workflow values ( 219 , 'workflow219' , 'w219' , 4 ) 
 insert  into workflow values ( 220 , 'workflow220' , 'w220' , 3 ) 
 insert  into workflow values ( 221 , 'workflow221' , 'w221' , 4 ) 
 insert  into workflow values ( 222 , 'workflow222' , 'w222' , 2 ) 
 insert  into workflow values ( 223 , 'workflow223' , 'w223' , 1 ) 
 insert  into workflow values ( 224 , 'workflow224' , 'w224' , 4 ) 
 insert  into workflow values ( 225 , 'workflow225' , 'w225' , 1 ) 
 insert  into workflow values ( 226 , 'workflow226' , 'w226' , 4 ) 
 insert  into workflow values ( 227 , 'workflow227' , 'w227' , 3 ) 
 insert  into workflow values ( 228 , 'workflow228' , 'w228' , 2 ) 
 insert  into workflow values ( 229 , 'workflow229' , 'w229' , 4 ) 
 insert  into workflow values ( 230 , 'workflow230' , 'w230' , 4 ) 
 insert  into workflow values ( 231 , 'workflow231' , 'w231' , 4 ) 
 insert  into workflow values ( 232 , 'workflow232' , 'w232' , 2 ) 
 insert  into workflow values ( 233 , 'workflow233' , 'w233' , 2 ) 
 insert  into workflow values ( 234 , 'workflow234' , 'w234' , 1 ) 
 insert  into workflow values ( 235 , 'workflow235' , 'w235' , 3 ) 
 insert  into workflow values ( 236 , 'workflow236' , 'w236' , 4 ) 
 insert  into workflow values ( 237 , 'workflow237' , 'w237' , 3 ) 
 insert  into workflow values ( 238 , 'workflow238' , 'w238' , 1 ) 
 insert  into workflow values ( 239 , 'workflow239' , 'w239' , 4 ) 
 insert  into workflow values ( 240 , 'workflow240' , 'w240' , 1 ) 
 insert  into workflow values ( 241 , 'workflow241' , 'w241' , 1 ) 
 insert  into workflow values ( 242 , 'workflow242' , 'w242' , 4 ) 
 insert  into workflow values ( 243 , 'workflow243' , 'w243' , 3 ) 
 insert  into workflow values ( 244 , 'workflow244' , 'w244' , 4 ) 
 insert  into workflow values ( 245 , 'workflow245' , 'w245' , 3 ) 
 insert  into workflow values ( 246 , 'workflow246' , 'w246' , 4 ) 
 insert  into workflow values ( 247 , 'workflow247' , 'w247' , 2 ) 
 insert  into workflow values ( 248 , 'workflow248' , 'w248' , 2 ) 
 insert  into workflow values ( 249 , 'workflow249' , 'w249' , 1 ) 
 insert  into workflow values ( 250 , 'workflow250' , 'w250' , 2 ) 
 insert  into workflow values ( 251 , 'workflow251' , 'w251' , 1 ) 
 insert  into workflow values ( 252 , 'workflow252' , 'w252' , 3 ) 
 insert  into workflow values ( 253 , 'workflow253' , 'w253' , 3 ) 
 insert  into workflow values ( 254 , 'workflow254' , 'w254' , 2 ) 
 insert  into workflow values ( 255 , 'workflow255' , 'w255' , 1 ) 
 insert  into workflow values ( 256 , 'workflow256' , 'w256' , 2 ) 
 insert  into workflow values ( 257 , 'workflow257' , 'w257' , 2 ) 
 insert  into workflow values ( 258 , 'workflow258' , 'w258' , 3 ) 
 insert  into workflow values ( 259 , 'workflow259' , 'w259' , 1 ) 
 insert  into workflow values ( 260 , 'workflow260' , 'w260' , 3 ) 
 insert  into workflow values ( 261 , 'workflow261' , 'w261' , 1 ) 
 insert  into workflow values ( 262 , 'workflow262' , 'w262' , 4 ) 
 insert  into workflow values ( 263 , 'workflow263' , 'w263' , 3 ) 
 insert  into workflow values ( 264 , 'workflow264' , 'w264' , 4 ) 
 insert  into workflow values ( 265 , 'workflow265' , 'w265' , 1 ) 
 insert  into workflow values ( 266 , 'workflow266' , 'w266' , 4 ) 
 insert  into workflow values ( 267 , 'workflow267' , 'w267' , 3 ) 
 insert  into workflow values ( 268 , 'workflow268' , 'w268' , 2 ) 
 insert  into workflow values ( 269 , 'workflow269' , 'w269' , 2 ) 
 insert  into workflow values ( 270 , 'workflow270' , 'w270' , 3 ) 
 insert  into workflow values ( 271 , 'workflow271' , 'w271' , 3 ) 
 insert  into workflow values ( 272 , 'workflow272' , 'w272' , 2 ) 
 insert  into workflow values ( 273 , 'workflow273' , 'w273' , 3 ) 
 insert  into workflow values ( 274 , 'workflow274' , 'w274' , 2 ) 
 insert  into workflow values ( 275 , 'workflow275' , 'w275' , 2 ) 
 insert  into workflow values ( 276 , 'workflow276' , 'w276' , 3 ) 
 insert  into workflow values ( 277 , 'workflow277' , 'w277' , 3 ) 
 insert  into workflow values ( 278 , 'workflow278' , 'w278' , 2 ) 
 insert  into workflow values ( 279 , 'workflow279' , 'w279' , 1 ) 
 insert  into workflow values ( 280 , 'workflow280' , 'w280' , 2 ) 
 insert  into workflow values ( 281 , 'workflow281' , 'w281' , 3 ) 
 insert  into workflow values ( 282 , 'workflow282' , 'w282' , 1 ) 
 insert  into workflow values ( 283 , 'workflow283' , 'w283' , 2 ) 
 insert  into workflow values ( 284 , 'workflow284' , 'w284' , 3 ) 
 insert  into workflow values ( 285 , 'workflow285' , 'w285' , 1 ) 
 insert  into workflow values ( 286 , 'workflow286' , 'w286' , 1 ) 
 insert  into workflow values ( 287 , 'workflow287' , 'w287' , 2 ) 
 insert  into workflow values ( 288 , 'workflow288' , 'w288' , 1 ) 
 insert  into workflow values ( 289 , 'workflow289' , 'w289' , 4 ) 
 insert  into workflow values ( 290 , 'workflow290' , 'w290' , 3 ) 
 insert  into workflow values ( 291 , 'workflow291' , 'w291' , 4 ) 
 insert  into workflow values ( 292 , 'workflow292' , 'w292' , 1 ) 
 insert  into workflow values ( 293 , 'workflow293' , 'w293' , 3 ) 
 insert  into workflow values ( 294 , 'workflow294' , 'w294' , 2 ) 
 insert  into workflow values ( 295 , 'workflow295' , 'w295' , 1 ) 
 insert  into workflow values ( 296 , 'workflow296' , 'w296' , 3 ) 
 insert  into workflow values ( 297 , 'workflow297' , 'w297' , 4 ) 
 insert  into workflow values ( 298 , 'workflow298' , 'w298' , 3 ) 
 insert  into workflow values ( 299 , 'workflow299' , 'w299' , 1 ) 
 insert  into workflow values ( 300 , 'workflow300' , 'w300' , 3 ) 
 insert  into workflow values ( 301 , 'workflow301' , 'w301' , 3 ) 
 insert  into workflow values ( 302 , 'workflow302' , 'w302' , 1 ) 
 insert  into workflow values ( 303 , 'workflow303' , 'w303' , 1 ) 
 insert  into workflow values ( 304 , 'workflow304' , 'w304' , 2 ) 
 insert  into workflow values ( 305 , 'workflow305' , 'w305' , 1 ) 
 insert  into workflow values ( 306 , 'workflow306' , 'w306' , 2 ) 
 insert  into workflow values ( 307 , 'workflow307' , 'w307' , 4 ) 
 insert  into workflow values ( 308 , 'workflow308' , 'w308' , 1 ) 
 insert  into workflow values ( 309 , 'workflow309' , 'w309' , 1 ) 
 insert  into workflow values ( 310 , 'workflow310' , 'w310' , 3 ) 
 insert  into workflow values ( 311 , 'workflow311' , 'w311' , 3 ) 
 insert  into workflow values ( 312 , 'workflow312' , 'w312' , 2 ) 
 insert  into workflow values ( 313 , 'workflow313' , 'w313' , 3 ) 
 insert  into workflow values ( 314 , 'workflow314' , 'w314' , 1 ) 
 insert  into workflow values ( 315 , 'workflow315' , 'w315' , 3 ) 
 insert  into workflow values ( 316 , 'workflow316' , 'w316' , 1 ) 
 insert  into workflow values ( 317 , 'workflow317' , 'w317' , 1 ) 
 insert  into workflow values ( 318 , 'workflow318' , 'w318' , 4 ) 
 insert  into workflow values ( 319 , 'workflow319' , 'w319' , 1 ) 
 insert  into workflow values ( 320 , 'workflow320' , 'w320' , 4 ) 
 insert  into workflow values ( 321 , 'workflow321' , 'w321' , 3 ) 
 insert  into workflow values ( 322 , 'workflow322' , 'w322' , 1 ) 
 insert  into workflow values ( 323 , 'workflow323' , 'w323' , 1 ) 
 insert  into workflow values ( 324 , 'workflow324' , 'w324' , 1 ) 
 insert  into workflow values ( 325 , 'workflow325' , 'w325' , 2 ) 
 insert  into workflow values ( 326 , 'workflow326' , 'w326' , 2 ) 
 insert  into workflow values ( 327 , 'workflow327' , 'w327' , 1 ) 
 insert  into workflow values ( 328 , 'workflow328' , 'w328' , 2 ) 
 insert  into workflow values ( 329 , 'workflow329' , 'w329' , 1 ) 
 insert  into workflow values ( 330 , 'workflow330' , 'w330' , 1 ) 
 insert  into workflow values ( 331 , 'workflow331' , 'w331' , 2 ) 
 insert  into workflow values ( 332 , 'workflow332' , 'w332' , 1 ) 
 insert  into workflow values ( 333 , 'workflow333' , 'w333' , 2 ) 
 insert  into workflow values ( 334 , 'workflow334' , 'w334' , 3 ) 
 insert  into workflow values ( 335 , 'workflow335' , 'w335' , 1 ) 
 insert  into workflow values ( 336 , 'workflow336' , 'w336' , 2 ) 
 insert  into workflow values ( 337 , 'workflow337' , 'w337' , 1 ) 
 insert  into workflow values ( 338 , 'workflow338' , 'w338' , 3 ) 
 insert  into workflow values ( 339 , 'workflow339' , 'w339' , 4 ) 
 insert  into workflow values ( 340 , 'workflow340' , 'w340' , 3 ) 
 insert  into workflow values ( 341 , 'workflow341' , 'w341' , 2 ) 
 insert  into workflow values ( 342 , 'workflow342' , 'w342' , 4 ) 
 insert  into workflow values ( 343 , 'workflow343' , 'w343' , 3 ) 
 insert  into workflow values ( 344 , 'workflow344' , 'w344' , 2 ) 
 insert  into workflow values ( 345 , 'workflow345' , 'w345' , 4 ) 
 insert  into workflow values ( 346 , 'workflow346' , 'w346' , 1 ) 
 insert  into workflow values ( 347 , 'workflow347' , 'w347' , 2 ) 
 insert  into workflow values ( 348 , 'workflow348' , 'w348' , 4 ) 
 insert  into workflow values ( 349 , 'workflow349' , 'w349' , 3 ) 
 insert  into workflow values ( 350 , 'workflow350' , 'w350' , 4 ) 
 insert  into workflow values ( 351 , 'workflow351' , 'w351' , 2 ) 
 insert  into workflow values ( 352 , 'workflow352' , 'w352' , 2 ) 
 insert  into workflow values ( 353 , 'workflow353' , 'w353' , 2 ) 
 insert  into workflow values ( 354 , 'workflow354' , 'w354' , 2 ) 
 insert  into workflow values ( 355 , 'workflow355' , 'w355' , 2 ) 
 insert  into workflow values ( 356 , 'workflow356' , 'w356' , 3 ) 
 insert  into workflow values ( 357 , 'workflow357' , 'w357' , 4 ) 
 insert  into workflow values ( 358 , 'workflow358' , 'w358' , 1 ) 
 insert  into workflow values ( 359 , 'workflow359' , 'w359' , 3 ) 
 insert  into workflow values ( 360 , 'workflow360' , 'w360' , 1 ) 
 insert  into workflow values ( 361 , 'workflow361' , 'w361' , 4 ) 
 insert  into workflow values ( 362 , 'workflow362' , 'w362' , 3 ) 
 insert  into workflow values ( 363 , 'workflow363' , 'w363' , 4 ) 
 insert  into workflow values ( 364 , 'workflow364' , 'w364' , 4 ) 
 insert  into workflow values ( 365 , 'workflow365' , 'w365' , 2 ) 
 insert  into workflow values ( 366 , 'workflow366' , 'w366' , 3 ) 
 insert  into workflow values ( 367 , 'workflow367' , 'w367' , 1 ) 
 insert  into workflow values ( 368 , 'workflow368' , 'w368' , 4 ) 
 insert  into workflow values ( 369 , 'workflow369' , 'w369' , 1 ) 
 insert  into workflow values ( 370 , 'workflow370' , 'w370' , 3 ) 
 insert  into workflow values ( 371 , 'workflow371' , 'w371' , 2 ) 
 insert  into workflow values ( 372 , 'workflow372' , 'w372' , 4 ) 
 insert  into workflow values ( 373 , 'workflow373' , 'w373' , 1 ) 
 insert  into workflow values ( 374 , 'workflow374' , 'w374' , 4 ) 
 insert  into workflow values ( 375 , 'workflow375' , 'w375' , 4 ) 
 insert  into workflow values ( 376 , 'workflow376' , 'w376' , 4 ) 
 insert  into workflow values ( 377 , 'workflow377' , 'w377' , 2 ) 
 insert  into workflow values ( 378 , 'workflow378' , 'w378' , 1 ) 
 insert  into workflow values ( 379 , 'workflow379' , 'w379' , 2 ) 
 insert  into workflow values ( 380 , 'workflow380' , 'w380' , 2 ) 
 insert  into workflow values ( 381 , 'workflow381' , 'w381' , 1 ) 
 insert  into workflow values ( 382 , 'workflow382' , 'w382' , 3 ) 
 insert  into workflow values ( 383 , 'workflow383' , 'w383' , 2 ) 
 insert  into workflow values ( 384 , 'workflow384' , 'w384' , 3 ) 
 insert  into workflow values ( 385 , 'workflow385' , 'w385' , 3 ) 
 insert  into workflow values ( 386 , 'workflow386' , 'w386' , 2 ) 
 insert  into workflow values ( 387 , 'workflow387' , 'w387' , 2 ) 
 insert  into workflow values ( 388 , 'workflow388' , 'w388' , 4 ) 
 insert  into workflow values ( 389 , 'workflow389' , 'w389' , 3 ) 
 insert  into workflow values ( 390 , 'workflow390' , 'w390' , 3 ) 
 insert  into workflow values ( 391 , 'workflow391' , 'w391' , 4 ) 
 insert  into workflow values ( 392 , 'workflow392' , 'w392' , 3 ) 
 insert  into workflow values ( 393 , 'workflow393' , 'w393' , 1 ) 
 insert  into workflow values ( 394 , 'workflow394' , 'w394' , 1 ) 
 insert  into workflow values ( 395 , 'workflow395' , 'w395' , 2 ) 
 insert  into workflow values ( 396 , 'workflow396' , 'w396' , 2 ) 
 insert  into workflow values ( 397 , 'workflow397' , 'w397' , 4 ) 
 insert  into workflow values ( 398 , 'workflow398' , 'w398' , 3 ) 
 insert  into workflow values ( 399 , 'workflow399' , 'w399' , 1 ) 
 insert  into workflow values ( 400 , 'workflow400' , 'w400' , 2 ) 
 insert  into workflow values ( 401 , 'workflow401' , 'w401' , 3 ) 
 insert  into workflow values ( 402 , 'workflow402' , 'w402' , 2 ) 
 insert  into workflow values ( 403 , 'workflow403' , 'w403' , 1 ) 
 insert  into workflow values ( 404 , 'workflow404' , 'w404' , 3 ) 
 insert  into workflow values ( 405 , 'workflow405' , 'w405' , 3 ) 
 insert  into workflow values ( 406 , 'workflow406' , 'w406' , 2 ) 
 insert  into workflow values ( 407 , 'workflow407' , 'w407' , 4 ) 
 insert  into workflow values ( 408 , 'workflow408' , 'w408' , 1 ) 
 insert  into workflow values ( 409 , 'workflow409' , 'w409' , 3 ) 
 insert  into workflow values ( 410 , 'workflow410' , 'w410' , 3 ) 
 insert  into workflow values ( 411 , 'workflow411' , 'w411' , 2 ) 
 insert  into workflow values ( 412 , 'workflow412' , 'w412' , 3 ) 
 insert  into workflow values ( 413 , 'workflow413' , 'w413' , 4 ) 
 insert  into workflow values ( 414 , 'workflow414' , 'w414' , 1 ) 
 insert  into workflow values ( 415 , 'workflow415' , 'w415' , 4 ) 
 insert  into workflow values ( 416 , 'workflow416' , 'w416' , 3 ) 
 insert  into workflow values ( 417 , 'workflow417' , 'w417' , 2 ) 
 insert  into workflow values ( 418 , 'workflow418' , 'w418' , 2 ) 
 insert  into workflow values ( 419 , 'workflow419' , 'w419' , 1 ) 
 insert  into workflow values ( 420 , 'workflow420' , 'w420' , 2 ) 
 insert  into workflow values ( 421 , 'workflow421' , 'w421' , 3 ) 
 insert  into workflow values ( 422 , 'workflow422' , 'w422' , 4 ) 
 insert  into workflow values ( 423 , 'workflow423' , 'w423' , 2 ) 
 insert  into workflow values ( 424 , 'workflow424' , 'w424' , 1 ) 
 insert  into workflow values ( 425 , 'workflow425' , 'w425' , 4 ) 
 insert  into workflow values ( 426 , 'workflow426' , 'w426' , 1 ) 
 insert  into workflow values ( 427 , 'workflow427' , 'w427' , 1 ) 
 insert  into workflow values ( 428 , 'workflow428' , 'w428' , 4 ) 
 insert  into workflow values ( 429 , 'workflow429' , 'w429' , 3 ) 
 insert  into workflow values ( 430 , 'workflow430' , 'w430' , 4 ) 
 insert  into workflow values ( 431 , 'workflow431' , 'w431' , 3 ) 
 insert  into workflow values ( 432 , 'workflow432' , 'w432' , 3 ) 
 insert  into workflow values ( 433 , 'workflow433' , 'w433' , 4 ) 
 insert  into workflow values ( 434 , 'workflow434' , 'w434' , 4 ) 
 insert  into workflow values ( 435 , 'workflow435' , 'w435' , 1 ) 
 insert  into workflow values ( 436 , 'workflow436' , 'w436' , 2 ) 
 insert  into workflow values ( 437 , 'workflow437' , 'w437' , 1 ) 
 insert  into workflow values ( 438 , 'workflow438' , 'w438' , 3 ) 
 insert  into workflow values ( 439 , 'workflow439' , 'w439' , 1 ) 
 insert  into workflow values ( 440 , 'workflow440' , 'w440' , 1 ) 
 insert  into workflow values ( 441 , 'workflow441' , 'w441' , 2 ) 
 insert  into workflow values ( 442 , 'workflow442' , 'w442' , 2 ) 
 insert  into workflow values ( 443 , 'workflow443' , 'w443' , 1 ) 
 insert  into workflow values ( 444 , 'workflow444' , 'w444' , 4 ) 
 insert  into workflow values ( 445 , 'workflow445' , 'w445' , 2 ) 
 insert  into workflow values ( 446 , 'workflow446' , 'w446' , 2 ) 
 insert  into workflow values ( 447 , 'workflow447' , 'w447' , 3 ) 
 insert  into workflow values ( 448 , 'workflow448' , 'w448' , 2 ) 
 insert  into workflow values ( 449 , 'workflow449' , 'w449' , 3 ) 
 insert  into workflow values ( 450 , 'workflow450' , 'w450' , 4 ) 
 insert  into workflow values ( 451 , 'workflow451' , 'w451' , 3 ) 
 insert  into workflow values ( 452 , 'workflow452' , 'w452' , 3 ) 
 insert  into workflow values ( 453 , 'workflow453' , 'w453' , 4 ) 
 insert  into workflow values ( 454 , 'workflow454' , 'w454' , 1 ) 
 insert  into workflow values ( 455 , 'workflow455' , 'w455' , 1 ) 
 insert  into workflow values ( 456 , 'workflow456' , 'w456' , 4 ) 
 insert  into workflow values ( 457 , 'workflow457' , 'w457' , 3 ) 
 insert  into workflow values ( 458 , 'workflow458' , 'w458' , 3 ) 
 insert  into workflow values ( 459 , 'workflow459' , 'w459' , 3 ) 
 insert  into workflow values ( 460 , 'workflow460' , 'w460' , 4 ) 
 insert  into workflow values ( 461 , 'workflow461' , 'w461' , 3 ) 
 insert  into workflow values ( 462 , 'workflow462' , 'w462' , 3 ) 
 insert  into workflow values ( 463 , 'workflow463' , 'w463' , 2 ) 
 insert  into workflow values ( 464 , 'workflow464' , 'w464' , 3 ) 
 insert  into workflow values ( 465 , 'workflow465' , 'w465' , 3 ) 
 insert  into workflow values ( 466 , 'workflow466' , 'w466' , 4 ) 
 insert  into workflow values ( 467 , 'workflow467' , 'w467' , 3 ) 
 insert  into workflow values ( 468 , 'workflow468' , 'w468' , 1 ) 
 insert  into workflow values ( 469 , 'workflow469' , 'w469' , 4 ) 
 insert  into workflow values ( 470 , 'workflow470' , 'w470' , 3 ) 
 insert  into workflow values ( 471 , 'workflow471' , 'w471' , 4 ) 
 insert  into workflow values ( 472 , 'workflow472' , 'w472' , 2 ) 
 insert  into workflow values ( 473 , 'workflow473' , 'w473' , 3 ) 
 insert  into workflow values ( 474 , 'workflow474' , 'w474' , 2 ) 
 insert  into workflow values ( 475 , 'workflow475' , 'w475' , 1 ) 
 insert  into workflow values ( 476 , 'workflow476' , 'w476' , 3 ) 
 insert  into workflow values ( 477 , 'workflow477' , 'w477' , 4 ) 
 insert  into workflow values ( 478 , 'workflow478' , 'w478' , 2 ) 
 insert  into workflow values ( 479 , 'workflow479' , 'w479' , 1 ) 
 insert  into workflow values ( 480 , 'workflow480' , 'w480' , 3 ) 
 insert  into workflow values ( 481 , 'workflow481' , 'w481' , 2 ) 
 insert  into workflow values ( 482 , 'workflow482' , 'w482' , 2 ) 
 insert  into workflow values ( 483 , 'workflow483' , 'w483' , 3 ) 
 insert  into workflow values ( 484 , 'workflow484' , 'w484' , 3 ) 
 insert  into workflow values ( 485 , 'workflow485' , 'w485' , 3 ) 
 insert  into workflow values ( 486 , 'workflow486' , 'w486' , 2 ) 
 insert  into workflow values ( 487 , 'workflow487' , 'w487' , 4 ) 
 insert  into workflow values ( 488 , 'workflow488' , 'w488' , 4 ) 
 insert  into workflow values ( 489 , 'workflow489' , 'w489' , 1 ) 
 insert  into workflow values ( 490 , 'workflow490' , 'w490' , 2 ) 
 insert  into workflow values ( 491 , 'workflow491' , 'w491' , 4 ) 
 insert  into workflow values ( 492 , 'workflow492' , 'w492' , 1 ) 
 insert  into workflow values ( 493 , 'workflow493' , 'w493' , 3 ) 
 insert  into workflow values ( 494 , 'workflow494' , 'w494' , 1 ) 
 insert  into workflow values ( 495 , 'workflow495' , 'w495' , 1 ) 
 insert  into workflow values ( 496 , 'workflow496' , 'w496' , 2 ) 
 insert  into workflow values ( 497 , 'workflow497' , 'w497' , 1 ) 
 insert  into workflow values ( 498 , 'workflow498' , 'w498' , 4 ) 
 insert  into workflow values ( 499 , 'workflow499' , 'w499' , 4 ) 
 insert  into workflow values ( 500 , 'workflow500' , 'w500' , 1 ) 
 insert  into workflow values ( 501 , 'workflow501' , 'w501' , 4 ) 
 insert  into workflow values ( 502 , 'workflow502' , 'w502' , 4 ) 
 insert  into workflow values ( 503 , 'workflow503' , 'w503' , 2 ) 
 insert  into workflow values ( 504 , 'workflow504' , 'w504' , 1 ) 
 insert  into workflow values ( 505 , 'workflow505' , 'w505' , 1 ) 
 insert  into workflow values ( 506 , 'workflow506' , 'w506' , 4 ) 
 insert  into workflow values ( 507 , 'workflow507' , 'w507' , 4 ) 
 insert  into workflow values ( 508 , 'workflow508' , 'w508' , 4 ) 
 insert  into workflow values ( 509 , 'workflow509' , 'w509' , 3 ) 
 insert  into workflow values ( 510 , 'workflow510' , 'w510' , 2 ) 
 insert  into workflow values ( 511 , 'workflow511' , 'w511' , 1 ) 
 insert  into workflow values ( 512 , 'workflow512' , 'w512' , 2 ) 
 insert  into workflow values ( 513 , 'workflow513' , 'w513' , 1 ) 
 insert  into workflow values ( 514 , 'workflow514' , 'w514' , 3 ) 
 insert  into workflow values ( 515 , 'workflow515' , 'w515' , 3 ) 
 insert  into workflow values ( 516 , 'workflow516' , 'w516' , 1 ) 
 insert  into workflow values ( 517 , 'workflow517' , 'w517' , 2 ) 
 insert  into workflow values ( 518 , 'workflow518' , 'w518' , 2 ) 
 insert  into workflow values ( 519 , 'workflow519' , 'w519' , 4 ) 
 insert  into workflow values ( 520 , 'workflow520' , 'w520' , 4 ) 
 insert  into workflow values ( 521 , 'workflow521' , 'w521' , 2 ) 
 insert  into workflow values ( 522 , 'workflow522' , 'w522' , 4 ) 
 insert  into workflow values ( 523 , 'workflow523' , 'w523' , 3 ) 
 insert  into workflow values ( 524 , 'workflow524' , 'w524' , 2 ) 
 insert  into workflow values ( 525 , 'workflow525' , 'w525' , 2 ) 
 insert  into workflow values ( 526 , 'workflow526' , 'w526' , 2 ) 
 insert  into workflow values ( 527 , 'workflow527' , 'w527' , 1 ) 
 insert  into workflow values ( 528 , 'workflow528' , 'w528' , 4 ) 
 insert  into workflow values ( 529 , 'workflow529' , 'w529' , 1 ) 
 insert  into workflow values ( 530 , 'workflow530' , 'w530' , 3 ) 
 insert  into workflow values ( 531 , 'workflow531' , 'w531' , 2 ) 
 insert  into workflow values ( 532 , 'workflow532' , 'w532' , 4 ) 
 insert  into workflow values ( 533 , 'workflow533' , 'w533' , 2 ) 
 insert  into workflow values ( 534 , 'workflow534' , 'w534' , 4 ) 
 insert  into workflow values ( 535 , 'workflow535' , 'w535' , 1 ) 
 insert  into workflow values ( 536 , 'workflow536' , 'w536' , 4 ) 
 insert  into workflow values ( 537 , 'workflow537' , 'w537' , 3 ) 
 insert  into workflow values ( 538 , 'workflow538' , 'w538' , 3 ) 
 insert  into workflow values ( 539 , 'workflow539' , 'w539' , 4 ) 
 insert  into workflow values ( 540 , 'workflow540' , 'w540' , 2 ) 
 insert  into workflow values ( 541 , 'workflow541' , 'w541' , 2 ) 
 insert  into workflow values ( 542 , 'workflow542' , 'w542' , 3 ) 
 insert  into workflow values ( 543 , 'workflow543' , 'w543' , 4 ) 
 insert  into workflow values ( 544 , 'workflow544' , 'w544' , 3 ) 
 insert  into workflow values ( 545 , 'workflow545' , 'w545' , 2 ) 
 insert  into workflow values ( 546 , 'workflow546' , 'w546' , 3 ) 
 insert  into workflow values ( 547 , 'workflow547' , 'w547' , 1 ) 
 insert  into workflow values ( 548 , 'workflow548' , 'w548' , 1 ) 
 insert  into workflow values ( 549 , 'workflow549' , 'w549' , 3 ) 
 insert  into workflow values ( 550 , 'workflow550' , 'w550' , 2 ) 
 insert  into workflow values ( 551 , 'workflow551' , 'w551' , 3 ) 
 insert  into workflow values ( 552 , 'workflow552' , 'w552' , 3 ) 
 insert  into workflow values ( 553 , 'workflow553' , 'w553' , 1 ) 
 insert  into workflow values ( 554 , 'workflow554' , 'w554' , 3 ) 
 insert  into workflow values ( 555 , 'workflow555' , 'w555' , 3 ) 
 insert  into workflow values ( 556 , 'workflow556' , 'w556' , 3 ) 
 insert  into workflow values ( 557 , 'workflow557' , 'w557' , 4 ) 
 insert  into workflow values ( 558 , 'workflow558' , 'w558' , 1 ) 
 insert  into workflow values ( 559 , 'workflow559' , 'w559' , 4 ) 
 insert  into workflow values ( 560 , 'workflow560' , 'w560' , 4 ) 
 insert  into workflow values ( 561 , 'workflow561' , 'w561' , 4 ) 
 insert  into workflow values ( 562 , 'workflow562' , 'w562' , 4 ) 
 insert  into workflow values ( 563 , 'workflow563' , 'w563' , 1 ) 
 insert  into workflow values ( 564 , 'workflow564' , 'w564' , 4 ) 
 insert  into workflow values ( 565 , 'workflow565' , 'w565' , 4 ) 
 insert  into workflow values ( 566 , 'workflow566' , 'w566' , 1 ) 
 insert  into workflow values ( 567 , 'workflow567' , 'w567' , 3 ) 
 insert  into workflow values ( 568 , 'workflow568' , 'w568' , 1 ) 
 insert  into workflow values ( 569 , 'workflow569' , 'w569' , 4 ) 
 insert  into workflow values ( 570 , 'workflow570' , 'w570' , 4 ) 
 insert  into workflow values ( 571 , 'workflow571' , 'w571' , 2 ) 
 insert  into workflow values ( 572 , 'workflow572' , 'w572' , 2 ) 
 insert  into workflow values ( 573 , 'workflow573' , 'w573' , 1 ) 
 insert  into workflow values ( 574 , 'workflow574' , 'w574' , 4 ) 
 insert  into workflow values ( 575 , 'workflow575' , 'w575' , 2 ) 
 insert  into workflow values ( 576 , 'workflow576' , 'w576' , 1 ) 
 insert  into workflow values ( 577 , 'workflow577' , 'w577' , 2 ) 
 insert  into workflow values ( 578 , 'workflow578' , 'w578' , 2 ) 
 insert  into workflow values ( 579 , 'workflow579' , 'w579' , 1 ) 
 insert  into workflow values ( 580 , 'workflow580' , 'w580' , 2 ) 
 insert  into workflow values ( 581 , 'workflow581' , 'w581' , 2 ) 
 insert  into workflow values ( 582 , 'workflow582' , 'w582' , 4 ) 
 insert  into workflow values ( 583 , 'workflow583' , 'w583' , 3 ) 
 insert  into workflow values ( 584 , 'workflow584' , 'w584' , 3 ) 
 insert  into workflow values ( 585 , 'workflow585' , 'w585' , 2 ) 
 insert  into workflow values ( 586 , 'workflow586' , 'w586' , 4 ) 
 insert  into workflow values ( 587 , 'workflow587' , 'w587' , 4 ) 
 insert  into workflow values ( 588 , 'workflow588' , 'w588' , 1 ) 
 insert  into workflow values ( 589 , 'workflow589' , 'w589' , 4 ) 
 insert  into workflow values ( 590 , 'workflow590' , 'w590' , 4 ) 
 insert  into workflow values ( 591 , 'workflow591' , 'w591' , 1 ) 
 insert  into workflow values ( 592 , 'workflow592' , 'w592' , 3 ) 
 insert  into workflow values ( 593 , 'workflow593' , 'w593' , 4 ) 
 insert  into workflow values ( 594 , 'workflow594' , 'w594' , 1 ) 
 insert  into workflow values ( 595 , 'workflow595' , 'w595' , 3 ) 
 insert  into workflow values ( 596 , 'workflow596' , 'w596' , 1 ) 
 insert  into workflow values ( 597 , 'workflow597' , 'w597' , 4 ) 
 insert  into workflow values ( 598 , 'workflow598' , 'w598' , 3 ) 
 insert  into workflow values ( 599 , 'workflow599' , 'w599' , 4 ) 
 insert  into workflow values ( 600 , 'workflow600' , 'w600' , 2 ) 
 insert  into workflow values ( 601 , 'workflow601' , 'w601' , 3 ) 
 insert  into workflow values ( 602 , 'workflow602' , 'w602' , 4 ) 
 insert  into workflow values ( 603 , 'workflow603' , 'w603' , 2 ) 
 insert  into workflow values ( 604 , 'workflow604' , 'w604' , 4 ) 
 insert  into workflow values ( 605 , 'workflow605' , 'w605' , 4 ) 
 insert  into workflow values ( 606 , 'workflow606' , 'w606' , 3 ) 
 insert  into workflow values ( 607 , 'workflow607' , 'w607' , 4 ) 
 insert  into workflow values ( 608 , 'workflow608' , 'w608' , 3 ) 
 insert  into workflow values ( 609 , 'workflow609' , 'w609' , 1 ) 
 insert  into workflow values ( 610 , 'workflow610' , 'w610' , 3 ) 
 insert  into workflow values ( 611 , 'workflow611' , 'w611' , 1 ) 
 insert  into workflow values ( 612 , 'workflow612' , 'w612' , 1 ) 
 insert  into workflow values ( 613 , 'workflow613' , 'w613' , 4 ) 
 insert  into workflow values ( 614 , 'workflow614' , 'w614' , 2 ) 
 insert  into workflow values ( 615 , 'workflow615' , 'w615' , 2 ) 
 insert  into workflow values ( 616 , 'workflow616' , 'w616' , 4 ) 
 insert  into workflow values ( 617 , 'workflow617' , 'w617' , 2 ) 
 insert  into workflow values ( 618 , 'workflow618' , 'w618' , 3 ) 
 insert  into workflow values ( 619 , 'workflow619' , 'w619' , 4 ) 
 insert  into workflow values ( 620 , 'workflow620' , 'w620' , 1 ) 
 insert  into workflow values ( 621 , 'workflow621' , 'w621' , 3 ) 
 insert  into workflow values ( 622 , 'workflow622' , 'w622' , 2 ) 
 insert  into workflow values ( 623 , 'workflow623' , 'w623' , 1 ) 
 insert  into workflow values ( 624 , 'workflow624' , 'w624' , 3 ) 
 insert  into workflow values ( 625 , 'workflow625' , 'w625' , 1 ) 
 insert  into workflow values ( 626 , 'workflow626' , 'w626' , 4 ) 
 insert  into workflow values ( 627 , 'workflow627' , 'w627' , 2 ) 
 insert  into workflow values ( 628 , 'workflow628' , 'w628' , 3 ) 
 insert  into workflow values ( 629 , 'workflow629' , 'w629' , 1 ) 
 insert  into workflow values ( 630 , 'workflow630' , 'w630' , 1 ) 
 insert  into workflow values ( 631 , 'workflow631' , 'w631' , 1 ) 
 insert  into workflow values ( 632 , 'workflow632' , 'w632' , 4 ) 
 insert  into workflow values ( 633 , 'workflow633' , 'w633' , 3 ) 
 insert  into workflow values ( 634 , 'workflow634' , 'w634' , 3 ) 
 insert  into workflow values ( 635 , 'workflow635' , 'w635' , 2 ) 
 insert  into workflow values ( 636 , 'workflow636' , 'w636' , 2 ) 
 insert  into workflow values ( 637 , 'workflow637' , 'w637' , 3 ) 
 insert  into workflow values ( 638 , 'workflow638' , 'w638' , 4 ) 
 insert  into workflow values ( 639 , 'workflow639' , 'w639' , 2 ) 
 insert  into workflow values ( 640 , 'workflow640' , 'w640' , 1 ) 
 insert  into workflow values ( 641 , 'workflow641' , 'w641' , 2 ) 
 insert  into workflow values ( 642 , 'workflow642' , 'w642' , 4 ) 
 insert  into workflow values ( 643 , 'workflow643' , 'w643' , 3 ) 
 insert  into workflow values ( 644 , 'workflow644' , 'w644' , 2 ) 
 insert  into workflow values ( 645 , 'workflow645' , 'w645' , 3 ) 
 insert  into workflow values ( 646 , 'workflow646' , 'w646' , 1 ) 
 insert  into workflow values ( 647 , 'workflow647' , 'w647' , 4 ) 
 insert  into workflow values ( 648 , 'workflow648' , 'w648' , 2 ) 
 insert  into workflow values ( 649 , 'workflow649' , 'w649' , 2 ) 
 insert  into workflow values ( 650 , 'workflow650' , 'w650' , 3 ) 
 insert  into workflow values ( 651 , 'workflow651' , 'w651' , 4 ) 
 insert  into workflow values ( 652 , 'workflow652' , 'w652' , 2 ) 
 insert  into workflow values ( 653 , 'workflow653' , 'w653' , 3 ) 
 insert  into workflow values ( 654 , 'workflow654' , 'w654' , 2 ) 
 insert  into workflow values ( 655 , 'workflow655' , 'w655' , 2 ) 
 insert  into workflow values ( 656 , 'workflow656' , 'w656' , 4 ) 
 insert  into workflow values ( 657 , 'workflow657' , 'w657' , 1 ) 
 insert  into workflow values ( 658 , 'workflow658' , 'w658' , 1 ) 
 insert  into workflow values ( 659 , 'workflow659' , 'w659' , 3 ) 
 insert  into workflow values ( 660 , 'workflow660' , 'w660' , 3 ) 
 insert  into workflow values ( 661 , 'workflow661' , 'w661' , 4 ) 
 insert  into workflow values ( 662 , 'workflow662' , 'w662' , 4 ) 
 insert  into workflow values ( 663 , 'workflow663' , 'w663' , 3 ) 
 insert  into workflow values ( 664 , 'workflow664' , 'w664' , 3 ) 
 insert  into workflow values ( 665 , 'workflow665' , 'w665' , 2 ) 
 insert  into workflow values ( 666 , 'workflow666' , 'w666' , 1 ) 
 insert  into workflow values ( 667 , 'workflow667' , 'w667' , 4 ) 
 insert  into workflow values ( 668 , 'workflow668' , 'w668' , 1 ) 
 insert  into workflow values ( 669 , 'workflow669' , 'w669' , 1 ) 
 insert  into workflow values ( 670 , 'workflow670' , 'w670' , 3 ) 
 insert  into workflow values ( 671 , 'workflow671' , 'w671' , 4 ) 
 insert  into workflow values ( 672 , 'workflow672' , 'w672' , 2 ) 
 insert  into workflow values ( 673 , 'workflow673' , 'w673' , 1 ) 
 insert  into workflow values ( 674 , 'workflow674' , 'w674' , 3 ) 
 insert  into workflow values ( 675 , 'workflow675' , 'w675' , 2 ) 
 insert  into workflow values ( 676 , 'workflow676' , 'w676' , 4 ) 
 insert  into workflow values ( 677 , 'workflow677' , 'w677' , 3 ) 
 insert  into workflow values ( 678 , 'workflow678' , 'w678' , 2 ) 
 insert  into workflow values ( 679 , 'workflow679' , 'w679' , 3 ) 
 insert  into workflow values ( 680 , 'workflow680' , 'w680' , 4 ) 
 insert  into workflow values ( 681 , 'workflow681' , 'w681' , 4 ) 
 insert  into workflow values ( 682 , 'workflow682' , 'w682' , 1 ) 
 insert  into workflow values ( 683 , 'workflow683' , 'w683' , 1 ) 
 insert  into workflow values ( 684 , 'workflow684' , 'w684' , 2 ) 
 insert  into workflow values ( 685 , 'workflow685' , 'w685' , 3 ) 
 insert  into workflow values ( 686 , 'workflow686' , 'w686' , 3 ) 
 insert  into workflow values ( 687 , 'workflow687' , 'w687' , 4 ) 
 insert  into workflow values ( 688 , 'workflow688' , 'w688' , 1 ) 
 insert  into workflow values ( 689 , 'workflow689' , 'w689' , 4 ) 
 insert  into workflow values ( 690 , 'workflow690' , 'w690' , 4 ) 
 insert  into workflow values ( 691 , 'workflow691' , 'w691' , 3 ) 
 insert  into workflow values ( 692 , 'workflow692' , 'w692' , 2 ) 
 insert  into workflow values ( 693 , 'workflow693' , 'w693' , 3 ) 
 insert  into workflow values ( 694 , 'workflow694' , 'w694' , 1 ) 
 insert  into workflow values ( 695 , 'workflow695' , 'w695' , 3 ) 
 insert  into workflow values ( 696 , 'workflow696' , 'w696' , 3 ) 
 insert  into workflow values ( 697 , 'workflow697' , 'w697' , 2 ) 
 insert  into workflow values ( 698 , 'workflow698' , 'w698' , 4 ) 
 insert  into workflow values ( 699 , 'workflow699' , 'w699' , 1 ) 
 insert  into workflow values ( 700 , 'workflow700' , 'w700' , 2 ) 
 insert  into workflow_category (ID_CATEGORY , ENABLED , DESCRIPTION )  values ( 1 , true , 'workflow_category1' ) 
 insert  into workflow_category (ID_CATEGORY , ENABLED , DESCRIPTION )  values ( 2 , true , 'workflow_category2' ) 
 insert  into workflow_category (ID_CATEGORY , ENABLED , DESCRIPTION )  values ( 3 , true , 'workflow_category3' ) 
 insert  into workflow_category (ID_CATEGORY , ENABLED , DESCRIPTION )  values ( 4 , true , 'workflow_category4' ) 
 insert  into workflow_category (ID_CATEGORY , ENABLED , DESCRIPTION )  values ( 5 , true , 'workflow_category5' ) 
 insert  into workflow_category (ID_CATEGORY , ENABLED , DESCRIPTION )  values ( 6 , true , 'workflow_category6' ) 
 insert  into workflow_category (ID_CATEGORY , ENABLED , DESCRIPTION )  values ( 7 , true , 'workflow_category7' ) 
 insert  into workflow_category (ID_CATEGORY , ENABLED , DESCRIPTION )  values ( 8 , true , 'workflow_category8' ) 
 insert  into workflow_category (ID_CATEGORY , ENABLED , DESCRIPTION )  values ( 9 , true , 'workflow_category9' ) 
 insert  into workflow_category (ID_CATEGORY , ENABLED , DESCRIPTION )  values ( 10 , true , 'workflow_category10' ) 
 insert  into workflow_category (ID_CATEGORY , ENABLED , DESCRIPTION )  values ( 11 , true , 'workflow_category11' ) 
 insert  into workflow_category (ID_CATEGORY , ENABLED , DESCRIPTION )  values ( 12 , true , 'workflow_category12' ) 
 insert  into workflow_category (ID_CATEGORY , ENABLED , DESCRIPTION )  values ( 13 , true , 'workflow_category13' ) 
 insert  into workflow_category (ID_CATEGORY , ENABLED , DESCRIPTION )  values ( 14 , true , 'workflow_category14' ) 
 insert  into workflow_category (ID_CATEGORY , ENABLED , DESCRIPTION )  values ( 15 , true , 'workflow_category15' ) 
 insert  into workflow_category (ID_CATEGORY , ENABLED , DESCRIPTION )  values ( 16 , true , 'workflow_category16' ) 
 insert  into workflow_category (ID_CATEGORY , ENABLED , DESCRIPTION )  values ( 17 , true , 'workflow_category17' ) 
 insert  into workflow_category (ID_CATEGORY , ENABLED , DESCRIPTION )  values ( 18 , true , 'workflow_category18' ) 
 insert  into WORKFLOW_CATEGORY_WORKFLOWS (WORKFLOWS_ID_WORKFLOW , WORKFLOW_CATEGORY_ID_CATEGORY )  values ( 175 , 10 ) 
 insert  into WORKFLOW_CATEGORY_WORKFLOWS (WORKFLOWS_ID_WORKFLOW , WORKFLOW_CATEGORY_ID_CATEGORY )  values ( 114 , 8 ) 
 insert  into WORKFLOW_CATEGORY_WORKFLOWS (WORKFLOWS_ID_WORKFLOW , WORKFLOW_CATEGORY_ID_CATEGORY )  values ( 38 , 8 ) 
 insert  into WORKFLOW_CATEGORY_WORKFLOWS (WORKFLOWS_ID_WORKFLOW , WORKFLOW_CATEGORY_ID_CATEGORY )  values ( 584 , 16 ) 
 insert  into WORKFLOW_CATEGORY_WORKFLOWS (WORKFLOWS_ID_WORKFLOW , WORKFLOW_CATEGORY_ID_CATEGORY )  values ( 134 , 15 ) 
 insert  into WORKFLOW_CATEGORY_WORKFLOWS (WORKFLOWS_ID_WORKFLOW , WORKFLOW_CATEGORY_ID_CATEGORY )  values ( 555 , 9 ) 
 insert  into WORKFLOW_CATEGORY_WORKFLOWS (WORKFLOWS_ID_WORKFLOW , WORKFLOW_CATEGORY_ID_CATEGORY )  values ( 577 , 10 ) 
 insert  into WORKFLOW_CATEGORY_WORKFLOWS (WORKFLOWS_ID_WORKFLOW , WORKFLOW_CATEGORY_ID_CATEGORY )  values ( 141 , 6 ) 
 insert  into WORKFLOW_CATEGORY_WORKFLOWS (WORKFLOWS_ID_WORKFLOW , WORKFLOW_CATEGORY_ID_CATEGORY )  values ( 615 , 15 ) 
 insert  into WORKFLOW_CATEGORY_WORKFLOWS (WORKFLOWS_ID_WORKFLOW , WORKFLOW_CATEGORY_ID_CATEGORY )  values ( 330 , 12 ) 
 insert  into WORKFLOW_CATEGORY_WORKFLOWS (WORKFLOWS_ID_WORKFLOW , WORKFLOW_CATEGORY_ID_CATEGORY )  values ( 91 , 4 ) 
 insert  into WORKFLOW_CATEGORY_WORKFLOWS (WORKFLOWS_ID_WORKFLOW , WORKFLOW_CATEGORY_ID_CATEGORY )  values ( 622 , 7 ) 
 insert  into WORKFLOW_CATEGORY_WORKFLOWS (WORKFLOWS_ID_WORKFLOW , WORKFLOW_CATEGORY_ID_CATEGORY )  values ( 593 , 13 ) 
 insert  into WORKFLOW_CATEGORY_WORKFLOWS (WORKFLOWS_ID_WORKFLOW , WORKFLOW_CATEGORY_ID_CATEGORY )  values ( 29 , 9 ) 
 insert  into WORKFLOW_CATEGORY_WORKFLOWS (WORKFLOWS_ID_WORKFLOW , WORKFLOW_CATEGORY_ID_CATEGORY )  values ( 254 , 10 ) 
 insert  into WORKFLOW_CATEGORY_WORKFLOWS (WORKFLOWS_ID_WORKFLOW , WORKFLOW_CATEGORY_ID_CATEGORY )  values ( 384 , 7 ) 
 insert  into WORKFLOW_CATEGORY_WORKFLOWS (WORKFLOWS_ID_WORKFLOW , WORKFLOW_CATEGORY_ID_CATEGORY )  values ( 60 , 7 ) 
 insert  into WORKFLOW_CATEGORY_WORKFLOWS (WORKFLOWS_ID_WORKFLOW , WORKFLOW_CATEGORY_ID_CATEGORY )  values ( 545 , 14 ) 
 insert  into WORKFLOW_CATEGORY_WORKFLOWS (WORKFLOWS_ID_WORKFLOW , WORKFLOW_CATEGORY_ID_CATEGORY )  values ( 27 , 12 ) 
 insert  into WORKFLOW_CATEGORY_WORKFLOWS (WORKFLOWS_ID_WORKFLOW , WORKFLOW_CATEGORY_ID_CATEGORY )  values ( 180 , 5 ) 
 insert  into WORKFLOW_CATEGORY_WORKFLOWS (WORKFLOWS_ID_WORKFLOW , WORKFLOW_CATEGORY_ID_CATEGORY )  values ( 478 , 16 ) 
 insert  into WORKFLOW_CATEGORY_WORKFLOWS (WORKFLOWS_ID_WORKFLOW , WORKFLOW_CATEGORY_ID_CATEGORY )  values ( 172 , 8 ) 
 insert  into WORKFLOW_CATEGORY_WORKFLOWS (WORKFLOWS_ID_WORKFLOW , WORKFLOW_CATEGORY_ID_CATEGORY )  values ( 646 , 11 ) 
 insert  into WORKFLOW_CATEGORY_WORKFLOWS (WORKFLOWS_ID_WORKFLOW , WORKFLOW_CATEGORY_ID_CATEGORY )  values ( 372 , 8 ) 
 insert  into WORKFLOW_CATEGORY_WORKFLOWS (WORKFLOWS_ID_WORKFLOW , WORKFLOW_CATEGORY_ID_CATEGORY )  values ( 302 , 12 ) 
 insert  into WORKFLOW_CATEGORY_WORKFLOWS (WORKFLOWS_ID_WORKFLOW , WORKFLOW_CATEGORY_ID_CATEGORY )  values ( 581 , 8 ) 
 insert  into WORKFLOW_CATEGORY_WORKFLOWS (WORKFLOWS_ID_WORKFLOW , WORKFLOW_CATEGORY_ID_CATEGORY )  values ( 82 , 12 ) 
 insert  into WORKFLOW_CATEGORY_WORKFLOWS (WORKFLOWS_ID_WORKFLOW , WORKFLOW_CATEGORY_ID_CATEGORY )  values ( 208 , 11 ) 
 insert  into WORKFLOW_CATEGORY_WORKFLOWS (WORKFLOWS_ID_WORKFLOW , WORKFLOW_CATEGORY_ID_CATEGORY )  values ( 285 , 8 ) 
 insert  into WORKFLOW_CATEGORY_WORKFLOWS (WORKFLOWS_ID_WORKFLOW , WORKFLOW_CATEGORY_ID_CATEGORY )  values ( 408 , 1 ) 
 insert  into WORKFLOW_CATEGORY_WORKFLOWS (WORKFLOWS_ID_WORKFLOW , WORKFLOW_CATEGORY_ID_CATEGORY )  values ( 146 , 15 ) 
 insert  into WORKFLOW_CATEGORY_WORKFLOWS (WORKFLOWS_ID_WORKFLOW , WORKFLOW_CATEGORY_ID_CATEGORY )  values ( 380 , 14 ) 
 insert  into WORKFLOW_CATEGORY_WORKFLOWS (WORKFLOWS_ID_WORKFLOW , WORKFLOW_CATEGORY_ID_CATEGORY )  values ( 583 , 2 ) 
 insert  into WORKFLOW_CATEGORY_WORKFLOWS (WORKFLOWS_ID_WORKFLOW , WORKFLOW_CATEGORY_ID_CATEGORY )  values ( 123 , 8 ) 
 insert  into WORKFLOW_CATEGORY_WORKFLOWS (WORKFLOWS_ID_WORKFLOW , WORKFLOW_CATEGORY_ID_CATEGORY )  values ( 681 , 13 ) 
 insert  into WORKFLOW_CATEGORY_WORKFLOWS (WORKFLOWS_ID_WORKFLOW , WORKFLOW_CATEGORY_ID_CATEGORY )  values ( 434 , 9 ) 
 insert  into WORKFLOW_CATEGORY_WORKFLOWS (WORKFLOWS_ID_WORKFLOW , WORKFLOW_CATEGORY_ID_CATEGORY )  values ( 525 , 8 ) 
 insert  into WORKFLOW_CATEGORY_WORKFLOWS (WORKFLOWS_ID_WORKFLOW , WORKFLOW_CATEGORY_ID_CATEGORY )  values ( 65 , 12 ) 
 insert  into WORKFLOW_CATEGORY_WORKFLOWS (WORKFLOWS_ID_WORKFLOW , WORKFLOW_CATEGORY_ID_CATEGORY )  values ( 155 , 8 ) 
 insert  into WORKFLOW_CATEGORY_WORKFLOWS (WORKFLOWS_ID_WORKFLOW , WORKFLOW_CATEGORY_ID_CATEGORY )  values ( 290 , 12 ) 
 insert  into WORKFLOW_CATEGORY_WORKFLOWS (WORKFLOWS_ID_WORKFLOW , WORKFLOW_CATEGORY_ID_CATEGORY )  values ( 193 , 11 ) 
 insert  into WORKFLOW_CATEGORY_WORKFLOWS (WORKFLOWS_ID_WORKFLOW , WORKFLOW_CATEGORY_ID_CATEGORY )  values ( 291 , 10 ) 
 insert  into WORKFLOW_CATEGORY_WORKFLOWS (WORKFLOWS_ID_WORKFLOW , WORKFLOW_CATEGORY_ID_CATEGORY )  values ( 505 , 2 ) 
 insert  into WORKFLOW_CATEGORY_WORKFLOWS (WORKFLOWS_ID_WORKFLOW , WORKFLOW_CATEGORY_ID_CATEGORY )  values ( 612 , 9 ) 
 insert  into WORKFLOW_CATEGORY_WORKFLOWS (WORKFLOWS_ID_WORKFLOW , WORKFLOW_CATEGORY_ID_CATEGORY )  values ( 349 , 14 ) 
 insert  into WORKFLOW_CATEGORY_WORKFLOWS (WORKFLOWS_ID_WORKFLOW , WORKFLOW_CATEGORY_ID_CATEGORY )  values ( 536 , 7 ) 
 insert  into WORKFLOW_CATEGORY_WORKFLOWS (WORKFLOWS_ID_WORKFLOW , WORKFLOW_CATEGORY_ID_CATEGORY )  values ( 272 , 15 ) 
 insert  into WORKFLOW_CATEGORY_WORKFLOWS (WORKFLOWS_ID_WORKFLOW , WORKFLOW_CATEGORY_ID_CATEGORY )  values ( 421 , 3 ) 
 insert  into WORKFLOW_CATEGORY_WORKFLOWS (WORKFLOWS_ID_WORKFLOW , WORKFLOW_CATEGORY_ID_CATEGORY )  values ( 200 , 15 ) 
 insert  into WORKFLOW_CATEGORY_WORKFLOWS (WORKFLOWS_ID_WORKFLOW , WORKFLOW_CATEGORY_ID_CATEGORY )  values ( 199 , 3 ) 
 insert  into WORKFLOW_CATEGORY_WORKFLOWS (WORKFLOWS_ID_WORKFLOW , WORKFLOW_CATEGORY_ID_CATEGORY )  values ( 63 , 3 ) 
 insert  into WORKFLOW_CATEGORY_WORKFLOWS (WORKFLOWS_ID_WORKFLOW , WORKFLOW_CATEGORY_ID_CATEGORY )  values ( 335 , 8 ) 
 insert  into WORKFLOW_CATEGORY_WORKFLOWS (WORKFLOWS_ID_WORKFLOW , WORKFLOW_CATEGORY_ID_CATEGORY )  values ( 371 , 7 ) 
 insert  into WORKFLOW_CATEGORY_WORKFLOWS (WORKFLOWS_ID_WORKFLOW , WORKFLOW_CATEGORY_ID_CATEGORY )  values ( 555 , 12 ) 
 insert  into WORKFLOW_CATEGORY_WORKFLOWS (WORKFLOWS_ID_WORKFLOW , WORKFLOW_CATEGORY_ID_CATEGORY )  values ( 404 , 6 ) 
 insert  into WORKFLOW_CATEGORY_WORKFLOWS (WORKFLOWS_ID_WORKFLOW , WORKFLOW_CATEGORY_ID_CATEGORY )  values ( 457 , 9 ) 
 insert  into WORKFLOW_CATEGORY_WORKFLOWS (WORKFLOWS_ID_WORKFLOW , WORKFLOW_CATEGORY_ID_CATEGORY )  values ( 13 , 11 ) 
 insert  into WORKFLOW_CATEGORY_WORKFLOWS (WORKFLOWS_ID_WORKFLOW , WORKFLOW_CATEGORY_ID_CATEGORY )  values ( 639 , 5 ) 
 insert  into WORKFLOW_CATEGORY_WORKFLOWS (WORKFLOWS_ID_WORKFLOW , WORKFLOW_CATEGORY_ID_CATEGORY )  values ( 549 , 3 ) 
 insert  into WORKFLOW_CATEGORY_WORKFLOWS (WORKFLOWS_ID_WORKFLOW , WORKFLOW_CATEGORY_ID_CATEGORY )  values ( 246 , 6 ) 
 insert  into WORKFLOW_CATEGORY_WORKFLOWS (WORKFLOWS_ID_WORKFLOW , WORKFLOW_CATEGORY_ID_CATEGORY )  values ( 649 , 17 ) 
 insert  into WORKFLOW_CATEGORY_WORKFLOWS (WORKFLOWS_ID_WORKFLOW , WORKFLOW_CATEGORY_ID_CATEGORY )  values ( 35 , 2 ) 
 insert  into WORKFLOW_CATEGORY_WORKFLOWS (WORKFLOWS_ID_WORKFLOW , WORKFLOW_CATEGORY_ID_CATEGORY )  values ( 634 , 1 ) 
 insert  into WORKFLOW_CATEGORY_WORKFLOWS (WORKFLOWS_ID_WORKFLOW , WORKFLOW_CATEGORY_ID_CATEGORY )  values ( 643 , 7 ) 
 insert  into WORKFLOW_CATEGORY_WORKFLOWS (WORKFLOWS_ID_WORKFLOW , WORKFLOW_CATEGORY_ID_CATEGORY )  values ( 402 , 3 ) 
 insert  into WORKFLOW_CATEGORY_WORKFLOWS (WORKFLOWS_ID_WORKFLOW , WORKFLOW_CATEGORY_ID_CATEGORY )  values ( 357 , 11 ) 
 insert  into WORKFLOW_CATEGORY_WORKFLOWS (WORKFLOWS_ID_WORKFLOW , WORKFLOW_CATEGORY_ID_CATEGORY )  values ( 132 , 3 ) 
 insert  into WORKFLOW_CATEGORY_WORKFLOWS (WORKFLOWS_ID_WORKFLOW , WORKFLOW_CATEGORY_ID_CATEGORY )  values ( 452 , 4 ) 
 insert  into WORKFLOW_CATEGORY_WORKFLOWS (WORKFLOWS_ID_WORKFLOW , WORKFLOW_CATEGORY_ID_CATEGORY )  values ( 7 , 3 ) 
 insert  into WORKFLOW_CATEGORY_WORKFLOWS (WORKFLOWS_ID_WORKFLOW , WORKFLOW_CATEGORY_ID_CATEGORY )  values ( 206 , 2 ) 
 insert  into WORKFLOW_CATEGORY_WORKFLOWS (WORKFLOWS_ID_WORKFLOW , WORKFLOW_CATEGORY_ID_CATEGORY )  values ( 355 , 13 ) 
 insert  into WORKFLOW_CATEGORY_WORKFLOWS (WORKFLOWS_ID_WORKFLOW , WORKFLOW_CATEGORY_ID_CATEGORY )  values ( 71 , 9 ) 
 insert  into WORKFLOW_CATEGORY_WORKFLOWS (WORKFLOWS_ID_WORKFLOW , WORKFLOW_CATEGORY_ID_CATEGORY )  values ( 99 , 5 ) 
 insert  into WORKFLOW_CATEGORY_WORKFLOWS (WORKFLOWS_ID_WORKFLOW , WORKFLOW_CATEGORY_ID_CATEGORY )  values ( 298 , 16 ) 
 insert  into WORKFLOW_CATEGORY_WORKFLOWS (WORKFLOWS_ID_WORKFLOW , WORKFLOW_CATEGORY_ID_CATEGORY )  values ( 475 , 16 ) 
 insert  into WORKFLOW_CATEGORY_WORKFLOWS (WORKFLOWS_ID_WORKFLOW , WORKFLOW_CATEGORY_ID_CATEGORY )  values ( 222 , 4 ) 
 insert  into WORKFLOW_CATEGORY_WORKFLOWS (WORKFLOWS_ID_WORKFLOW , WORKFLOW_CATEGORY_ID_CATEGORY )  values ( 424 , 5 ) 
 insert  into WORKFLOW_CATEGORY_WORKFLOWS (WORKFLOWS_ID_WORKFLOW , WORKFLOW_CATEGORY_ID_CATEGORY )  values ( 573 , 17 ) 
 insert  into WORKFLOW_CATEGORY_WORKFLOWS (WORKFLOWS_ID_WORKFLOW , WORKFLOW_CATEGORY_ID_CATEGORY )  values ( 434 , 14 ) 
 insert  into WORKFLOW_CATEGORY_WORKFLOWS (WORKFLOWS_ID_WORKFLOW , WORKFLOW_CATEGORY_ID_CATEGORY )  values ( 127 , 3 ) 
 insert  into WORKFLOW_CATEGORY_WORKFLOWS (WORKFLOWS_ID_WORKFLOW , WORKFLOW_CATEGORY_ID_CATEGORY )  values ( 329 , 4 ) 
 insert  into WORKFLOW_CATEGORY_WORKFLOWS (WORKFLOWS_ID_WORKFLOW , WORKFLOW_CATEGORY_ID_CATEGORY )  values ( 46 , 3 ) 
 insert  into WORKFLOW_CATEGORY_WORKFLOWS (WORKFLOWS_ID_WORKFLOW , WORKFLOW_CATEGORY_ID_CATEGORY )  values ( 236 , 7 ) 
 insert  into WORKFLOW_CATEGORY_WORKFLOWS (WORKFLOWS_ID_WORKFLOW , WORKFLOW_CATEGORY_ID_CATEGORY )  values ( 381 , 17 ) 
 insert  into WORKFLOW_CATEGORY_WORKFLOWS (WORKFLOWS_ID_WORKFLOW , WORKFLOW_CATEGORY_ID_CATEGORY )  values ( 563 , 3 ) 
 insert  into WORKFLOW_CATEGORY_WORKFLOWS (WORKFLOWS_ID_WORKFLOW , WORKFLOW_CATEGORY_ID_CATEGORY )  values ( 575 , 16 ) 
 insert  into WORKFLOW_CATEGORY_WORKFLOWS (WORKFLOWS_ID_WORKFLOW , WORKFLOW_CATEGORY_ID_CATEGORY )  values ( 667 , 3 ) 
 insert  into WORKFLOW_CATEGORY_WORKFLOWS (WORKFLOWS_ID_WORKFLOW , WORKFLOW_CATEGORY_ID_CATEGORY )  values ( 597 , 11 ) 
 insert  into WORKFLOW_CATEGORY_WORKFLOWS (WORKFLOWS_ID_WORKFLOW , WORKFLOW_CATEGORY_ID_CATEGORY )  values ( 376 , 12 ) 
 insert  into WORKFLOW_CATEGORY_WORKFLOWS (WORKFLOWS_ID_WORKFLOW , WORKFLOW_CATEGORY_ID_CATEGORY )  values ( 488 , 15 ) 
 insert  into WORKFLOW_CATEGORY_WORKFLOWS (WORKFLOWS_ID_WORKFLOW , WORKFLOW_CATEGORY_ID_CATEGORY )  values ( 185 , 12 ) 
 insert  into WORKFLOW_CATEGORY_WORKFLOWS (WORKFLOWS_ID_WORKFLOW , WORKFLOW_CATEGORY_ID_CATEGORY )  values ( 233 , 9 ) 
 insert  into WORKFLOW_CATEGORY_WORKFLOWS (WORKFLOWS_ID_WORKFLOW , WORKFLOW_CATEGORY_ID_CATEGORY )  values ( 97 , 7 ) 
 insert  into WORKFLOW_CATEGORY_WORKFLOWS (WORKFLOWS_ID_WORKFLOW , WORKFLOW_CATEGORY_ID_CATEGORY )  values ( 557 , 16 ) 
 insert  into WORKFLOW_CATEGORY_WORKFLOWS (WORKFLOWS_ID_WORKFLOW , WORKFLOW_CATEGORY_ID_CATEGORY )  values ( 366 , 7 ) 
 insert  into WORKFLOW_CATEGORY_WORKFLOWS (WORKFLOWS_ID_WORKFLOW , WORKFLOW_CATEGORY_ID_CATEGORY )  values ( 6 , 3 ) 
 insert  into WORKFLOW_CATEGORY_WORKFLOWS (WORKFLOWS_ID_WORKFLOW , WORKFLOW_CATEGORY_ID_CATEGORY )  values ( 5 , 17 ) 
 insert  into WORKFLOW_CATEGORY_WORKFLOWS (WORKFLOWS_ID_WORKFLOW , WORKFLOW_CATEGORY_ID_CATEGORY )  values ( 242 , 8 ) 
 insert  into WORKFLOW_CATEGORY_WORKFLOWS (WORKFLOWS_ID_WORKFLOW , WORKFLOW_CATEGORY_ID_CATEGORY )  values ( 319 , 16 ) 
 insert  into WORKFLOW_CATEGORY_WORKFLOWS (WORKFLOWS_ID_WORKFLOW , WORKFLOW_CATEGORY_ID_CATEGORY )  values ( 57 , 5 ) 
 insert  into WORKFLOW_CATEGORY_WORKFLOWS (WORKFLOWS_ID_WORKFLOW , WORKFLOW_CATEGORY_ID_CATEGORY )  values ( 454 , 8 ) 
 insert  into WORKFLOW_CATEGORY_WORKFLOWS (WORKFLOWS_ID_WORKFLOW , WORKFLOW_CATEGORY_ID_CATEGORY )  values ( 29 , 2 ) 
 insert  into WORKFLOW_CATEGORY_WORKFLOWS (WORKFLOWS_ID_WORKFLOW , WORKFLOW_CATEGORY_ID_CATEGORY )  values ( 484 , 16 ) 
 insert  into WORKFLOW_CATEGORY_WORKFLOWS (WORKFLOWS_ID_WORKFLOW , WORKFLOW_CATEGORY_ID_CATEGORY )  values ( 342 , 7 ) 
 insert  into WORKFLOW_CATEGORY_WORKFLOWS (WORKFLOWS_ID_WORKFLOW , WORKFLOW_CATEGORY_ID_CATEGORY )  values ( 7 , 14 ) 
 insert  into WORKFLOW_CATEGORY_WORKFLOWS (WORKFLOWS_ID_WORKFLOW , WORKFLOW_CATEGORY_ID_CATEGORY )  values ( 34 , 11 ) 
 insert  into WORKFLOW_CATEGORY_WORKFLOWS (WORKFLOWS_ID_WORKFLOW , WORKFLOW_CATEGORY_ID_CATEGORY )  values ( 87 , 15 ) 
 insert  into WORKFLOW_CATEGORY_WORKFLOWS (WORKFLOWS_ID_WORKFLOW , WORKFLOW_CATEGORY_ID_CATEGORY )  values ( 443 , 5 ) 
 insert  into WORKFLOW_CATEGORY_WORKFLOWS (WORKFLOWS_ID_WORKFLOW , WORKFLOW_CATEGORY_ID_CATEGORY )  values ( 363 , 2 ) 
 insert  into WORKFLOW_CATEGORY_WORKFLOWS (WORKFLOWS_ID_WORKFLOW , WORKFLOW_CATEGORY_ID_CATEGORY )  values ( 559 , 1 ) 
 insert  into WORKFLOW_CATEGORY_WORKFLOWS (WORKFLOWS_ID_WORKFLOW , WORKFLOW_CATEGORY_ID_CATEGORY )  values ( 621 , 15 ) 
 insert  into WORKFLOW_CATEGORY_WORKFLOWS (WORKFLOWS_ID_WORKFLOW , WORKFLOW_CATEGORY_ID_CATEGORY )  values ( 416 , 6 ) 
 insert  into WORKFLOW_CATEGORY_WORKFLOWS (WORKFLOWS_ID_WORKFLOW , WORKFLOW_CATEGORY_ID_CATEGORY )  values ( 527 , 8 ) 
 insert  into WORKFLOW_CATEGORY_WORKFLOWS (WORKFLOWS_ID_WORKFLOW , WORKFLOW_CATEGORY_ID_CATEGORY )  values ( 5 , 3 ) 
 insert  into WORKFLOW_CATEGORY_WORKFLOWS (WORKFLOWS_ID_WORKFLOW , WORKFLOW_CATEGORY_ID_CATEGORY )  values ( 665 , 15 ) 
 insert  into WORKFLOW_CATEGORY_WORKFLOWS (WORKFLOWS_ID_WORKFLOW , WORKFLOW_CATEGORY_ID_CATEGORY )  values ( 250 , 12 ) 
 insert  into WORKFLOW_CATEGORY_WORKFLOWS (WORKFLOWS_ID_WORKFLOW , WORKFLOW_CATEGORY_ID_CATEGORY )  values ( 533 , 8 ) 
 insert  into WORKFLOW_CATEGORY_WORKFLOWS (WORKFLOWS_ID_WORKFLOW , WORKFLOW_CATEGORY_ID_CATEGORY )  values ( 379 , 1 ) 
 insert  into WORKFLOW_CATEGORY_WORKFLOWS (WORKFLOWS_ID_WORKFLOW , WORKFLOW_CATEGORY_ID_CATEGORY )  values ( 369 , 16 ) 
 insert  into WORKFLOW_CATEGORY_WORKFLOWS (WORKFLOWS_ID_WORKFLOW , WORKFLOW_CATEGORY_ID_CATEGORY )  values ( 582 , 11 ) 
 insert  into WORKFLOW_CATEGORY_WORKFLOWS (WORKFLOWS_ID_WORKFLOW , WORKFLOW_CATEGORY_ID_CATEGORY )  values ( 304 , 5 ) 
 insert  into WORKFLOW_CATEGORY_WORKFLOWS (WORKFLOWS_ID_WORKFLOW , WORKFLOW_CATEGORY_ID_CATEGORY )  values ( 76 , 1 ) 
 insert  into WORKFLOW_CATEGORY_WORKFLOWS (WORKFLOWS_ID_WORKFLOW , WORKFLOW_CATEGORY_ID_CATEGORY )  values ( 554 , 2 ) 
 insert  into WORKFLOW_CATEGORY_WORKFLOWS (WORKFLOWS_ID_WORKFLOW , WORKFLOW_CATEGORY_ID_CATEGORY )  values ( 496 , 1 ) 
 insert  into WORKFLOW_CATEGORY_WORKFLOWS (WORKFLOWS_ID_WORKFLOW , WORKFLOW_CATEGORY_ID_CATEGORY )  values ( 347 , 3 ) 
 insert  into WORKFLOW_CATEGORY_WORKFLOWS (WORKFLOWS_ID_WORKFLOW , WORKFLOW_CATEGORY_ID_CATEGORY )  values ( 596 , 12 ) 
 insert  into WORKFLOW_CATEGORY_WORKFLOWS (WORKFLOWS_ID_WORKFLOW , WORKFLOW_CATEGORY_ID_CATEGORY )  values ( 433 , 15 ) 
 insert  into WORKFLOW_CATEGORY_WORKFLOWS (WORKFLOWS_ID_WORKFLOW , WORKFLOW_CATEGORY_ID_CATEGORY )  values ( 301 , 1 ) 
 insert  into WORKFLOW_CATEGORY_WORKFLOWS (WORKFLOWS_ID_WORKFLOW , WORKFLOW_CATEGORY_ID_CATEGORY )  values ( 682 , 1 ) 
 insert  into WORKFLOW_CATEGORY_WORKFLOWS (WORKFLOWS_ID_WORKFLOW , WORKFLOW_CATEGORY_ID_CATEGORY )  values ( 228 , 4 ) 
 insert  into WORKFLOW_CATEGORY_WORKFLOWS (WORKFLOWS_ID_WORKFLOW , WORKFLOW_CATEGORY_ID_CATEGORY )  values ( 219 , 6 ) 
 insert  into WORKFLOW_CATEGORY_WORKFLOWS (WORKFLOWS_ID_WORKFLOW , WORKFLOW_CATEGORY_ID_CATEGORY )  values ( 567 , 8 ) 
 insert  into WORKFLOW_CATEGORY_WORKFLOWS (WORKFLOWS_ID_WORKFLOW , WORKFLOW_CATEGORY_ID_CATEGORY )  values ( 184 , 16 ) 
 insert  into WORKFLOW_CATEGORY_WORKFLOWS (WORKFLOWS_ID_WORKFLOW , WORKFLOW_CATEGORY_ID_CATEGORY )  values ( 327 , 9 ) 
 insert  into WORKFLOW_CATEGORY_WORKFLOWS (WORKFLOWS_ID_WORKFLOW , WORKFLOW_CATEGORY_ID_CATEGORY )  values ( 392 , 3 ) 
 insert  into WORKFLOW_CATEGORY_WORKFLOWS (WORKFLOWS_ID_WORKFLOW , WORKFLOW_CATEGORY_ID_CATEGORY )  values ( 72 , 16 ) 
 insert  into WORKFLOW_CATEGORY_WORKFLOWS (WORKFLOWS_ID_WORKFLOW , WORKFLOW_CATEGORY_ID_CATEGORY )  values ( 49 , 4 ) 
 insert  into WORKFLOW_CATEGORY_WORKFLOWS (WORKFLOWS_ID_WORKFLOW , WORKFLOW_CATEGORY_ID_CATEGORY )  values ( 351 , 3 ) 
 insert  into WORKFLOW_CATEGORY_WORKFLOWS (WORKFLOWS_ID_WORKFLOW , WORKFLOW_CATEGORY_ID_CATEGORY )  values ( 51 , 10 ) 
 insert  into WORKFLOW_CATEGORY_WORKFLOWS (WORKFLOWS_ID_WORKFLOW , WORKFLOW_CATEGORY_ID_CATEGORY )  values ( 368 , 12 ) 
 insert  into WORKFLOW_CATEGORY_WORKFLOWS (WORKFLOWS_ID_WORKFLOW , WORKFLOW_CATEGORY_ID_CATEGORY )  values ( 650 , 15 ) 
 insert  into WORKFLOW_CATEGORY_WORKFLOWS (WORKFLOWS_ID_WORKFLOW , WORKFLOW_CATEGORY_ID_CATEGORY )  values ( 651 , 11 ) 
 insert  into WORKFLOW_CATEGORY_WORKFLOWS (WORKFLOWS_ID_WORKFLOW , WORKFLOW_CATEGORY_ID_CATEGORY )  values ( 445 , 5 ) 
 insert  into WORKFLOW_CATEGORY_WORKFLOWS (WORKFLOWS_ID_WORKFLOW , WORKFLOW_CATEGORY_ID_CATEGORY )  values ( 395 , 4 ) 
 insert  into WORKFLOW_CATEGORY_WORKFLOWS (WORKFLOWS_ID_WORKFLOW , WORKFLOW_CATEGORY_ID_CATEGORY )  values ( 37 , 7 ) 
 insert  into WORKFLOW_CATEGORY_WORKFLOWS (WORKFLOWS_ID_WORKFLOW , WORKFLOW_CATEGORY_ID_CATEGORY )  values ( 6 , 9 ) 
 insert  into WORKFLOW_CATEGORY_WORKFLOWS (WORKFLOWS_ID_WORKFLOW , WORKFLOW_CATEGORY_ID_CATEGORY )  values ( 387 , 17 ) 
 insert  into WORKFLOW_CATEGORY_WORKFLOWS (WORKFLOWS_ID_WORKFLOW , WORKFLOW_CATEGORY_ID_CATEGORY )  values ( 382 , 4 ) 
 insert  into WORKFLOW_CATEGORY_WORKFLOWS (WORKFLOWS_ID_WORKFLOW , WORKFLOW_CATEGORY_ID_CATEGORY )  values ( 455 , 14 ) 
 insert  into WORKFLOW_CATEGORY_WORKFLOWS (WORKFLOWS_ID_WORKFLOW , WORKFLOW_CATEGORY_ID_CATEGORY )  values ( 265 , 14 ) 
 insert  into WORKFLOW_CATEGORY_WORKFLOWS (WORKFLOWS_ID_WORKFLOW , WORKFLOW_CATEGORY_ID_CATEGORY )  values ( 483 , 15 ) 
 insert  into WORKFLOW_CATEGORY_WORKFLOWS (WORKFLOWS_ID_WORKFLOW , WORKFLOW_CATEGORY_ID_CATEGORY )  values ( 217 , 15 ) 
 insert  into WORKFLOW_CATEGORY_WORKFLOWS (WORKFLOWS_ID_WORKFLOW , WORKFLOW_CATEGORY_ID_CATEGORY )  values ( 57 , 8 ) 
 insert  into WORKFLOW_CATEGORY_WORKFLOWS (WORKFLOWS_ID_WORKFLOW , WORKFLOW_CATEGORY_ID_CATEGORY )  values ( 545 , 11 ) 
 insert  into WORKFLOW_CATEGORY_WORKFLOWS (WORKFLOWS_ID_WORKFLOW , WORKFLOW_CATEGORY_ID_CATEGORY )  values ( 429 , 12 ) 
 insert  into WORKFLOW_CATEGORY_WORKFLOWS (WORKFLOWS_ID_WORKFLOW , WORKFLOW_CATEGORY_ID_CATEGORY )  values ( 683 , 6 ) 
 insert  into WORKFLOW_CATEGORY_WORKFLOWS (WORKFLOWS_ID_WORKFLOW , WORKFLOW_CATEGORY_ID_CATEGORY )  values ( 274 , 14 ) 
 insert  into WORKFLOW_CATEGORY_WORKFLOWS (WORKFLOWS_ID_WORKFLOW , WORKFLOW_CATEGORY_ID_CATEGORY )  values ( 670 , 7 ) 
 insert  into WORKFLOW_CATEGORY_WORKFLOWS (WORKFLOWS_ID_WORKFLOW , WORKFLOW_CATEGORY_ID_CATEGORY )  values ( 356 , 11 ) 
 insert  into WORKFLOW_CATEGORY_WORKFLOWS (WORKFLOWS_ID_WORKFLOW , WORKFLOW_CATEGORY_ID_CATEGORY )  values ( 93 , 14 ) 
 insert  into WORKFLOW_CATEGORY_WORKFLOWS (WORKFLOWS_ID_WORKFLOW , WORKFLOW_CATEGORY_ID_CATEGORY )  values ( 95 , 16 ) 
 insert  into WORKFLOW_CATEGORY_WORKFLOWS (WORKFLOWS_ID_WORKFLOW , WORKFLOW_CATEGORY_ID_CATEGORY )  values ( 167 , 9 ) 
 insert  into WORKFLOW_CATEGORY_WORKFLOWS (WORKFLOWS_ID_WORKFLOW , WORKFLOW_CATEGORY_ID_CATEGORY )  values ( 634 , 14 ) 
 insert  into WORKFLOW_CATEGORY_WORKFLOWS (WORKFLOWS_ID_WORKFLOW , WORKFLOW_CATEGORY_ID_CATEGORY )  values ( 649 , 6 ) 
 insert  into WORKFLOW_CATEGORY_WORKFLOWS (WORKFLOWS_ID_WORKFLOW , WORKFLOW_CATEGORY_ID_CATEGORY )  values ( 372 , 1 ) 
 insert  into WORKFLOW_CATEGORY_WORKFLOWS (WORKFLOWS_ID_WORKFLOW , WORKFLOW_CATEGORY_ID_CATEGORY )  values ( 260 , 1 ) 
 insert  into WORKFLOW_CATEGORY_WORKFLOWS (WORKFLOWS_ID_WORKFLOW , WORKFLOW_CATEGORY_ID_CATEGORY )  values ( 264 , 9 ) 
 insert  into WORKFLOW_CATEGORY_WORKFLOWS (WORKFLOWS_ID_WORKFLOW , WORKFLOW_CATEGORY_ID_CATEGORY )  values ( 636 , 14 ) 
 insert  into WORKFLOW_CATEGORY_WORKFLOWS (WORKFLOWS_ID_WORKFLOW , WORKFLOW_CATEGORY_ID_CATEGORY )  values ( 235 , 1 ) 
 insert  into WORKFLOW_CATEGORY_WORKFLOWS (WORKFLOWS_ID_WORKFLOW , WORKFLOW_CATEGORY_ID_CATEGORY )  values ( 413 , 3 ) 
 insert  into WORKFLOW_CATEGORY_WORKFLOWS (WORKFLOWS_ID_WORKFLOW , WORKFLOW_CATEGORY_ID_CATEGORY )  values ( 504 , 10 ) 
 insert  into WORKFLOW_CATEGORY_WORKFLOWS (WORKFLOWS_ID_WORKFLOW , WORKFLOW_CATEGORY_ID_CATEGORY )  values ( 423 , 9 ) 
 insert  into WORKFLOW_CATEGORY_WORKFLOWS (WORKFLOWS_ID_WORKFLOW , WORKFLOW_CATEGORY_ID_CATEGORY )  values ( 12 , 14 ) 
 insert  into WORKFLOW_CATEGORY_WORKFLOWS (WORKFLOWS_ID_WORKFLOW , WORKFLOW_CATEGORY_ID_CATEGORY )  values ( 33 , 11 ) 
 insert  into WORKFLOW_CATEGORY_WORKFLOWS (WORKFLOWS_ID_WORKFLOW , WORKFLOW_CATEGORY_ID_CATEGORY )  values ( 237 , 1 ) 
 insert  into WORKFLOW_CATEGORY_WORKFLOWS (WORKFLOWS_ID_WORKFLOW , WORKFLOW_CATEGORY_ID_CATEGORY )  values ( 94 , 13 ) 
 insert  into WORKFLOW_CATEGORY_WORKFLOWS (WORKFLOWS_ID_WORKFLOW , WORKFLOW_CATEGORY_ID_CATEGORY )  values ( 50 , 3 ) 
 insert  into WORKFLOW_CATEGORY_WORKFLOWS (WORKFLOWS_ID_WORKFLOW , WORKFLOW_CATEGORY_ID_CATEGORY )  values ( 696 , 13 ) 
 insert  into WORKFLOW_CATEGORY_WORKFLOWS (WORKFLOWS_ID_WORKFLOW , WORKFLOW_CATEGORY_ID_CATEGORY )  values ( 541 , 11 ) 
 insert  into WORKFLOW_CATEGORY_WORKFLOWS (WORKFLOWS_ID_WORKFLOW , WORKFLOW_CATEGORY_ID_CATEGORY )  values ( 289 , 3 ) 
 insert  into WORKFLOW_CATEGORY_WORKFLOWS (WORKFLOWS_ID_WORKFLOW , WORKFLOW_CATEGORY_ID_CATEGORY )  values ( 417 , 11 ) 
 insert  into WORKFLOW_CATEGORY_WORKFLOWS (WORKFLOWS_ID_WORKFLOW , WORKFLOW_CATEGORY_ID_CATEGORY )  values ( 311 , 3 ) 
 insert  into WORKFLOW_CATEGORY_WORKFLOWS (WORKFLOWS_ID_WORKFLOW , WORKFLOW_CATEGORY_ID_CATEGORY )  values ( 451 , 4 ) 
 insert  into WORKFLOW_CATEGORY_WORKFLOWS (WORKFLOWS_ID_WORKFLOW , WORKFLOW_CATEGORY_ID_CATEGORY )  values ( 490 , 15 ) 
 insert  into WORKFLOW_CATEGORY_WORKFLOWS (WORKFLOWS_ID_WORKFLOW , WORKFLOW_CATEGORY_ID_CATEGORY )  values ( 315 , 15 ) 
 insert  into WORKFLOW_CATEGORY_WORKFLOWS (WORKFLOWS_ID_WORKFLOW , WORKFLOW_CATEGORY_ID_CATEGORY )  values ( 88 , 2 ) 
 insert  into WORKFLOW_CATEGORY_WORKFLOWS (WORKFLOWS_ID_WORKFLOW , WORKFLOW_CATEGORY_ID_CATEGORY )  values ( 307 , 2 ) 
 insert  into WORKFLOW_CATEGORY_WORKFLOWS (WORKFLOWS_ID_WORKFLOW , WORKFLOW_CATEGORY_ID_CATEGORY )  values ( 388 , 17 ) 
 insert  into WORKFLOW_CATEGORY_WORKFLOWS (WORKFLOWS_ID_WORKFLOW , WORKFLOW_CATEGORY_ID_CATEGORY )  values ( 426 , 3 ) 
 insert  into WORKFLOW_CATEGORY_WORKFLOWS (WORKFLOWS_ID_WORKFLOW , WORKFLOW_CATEGORY_ID_CATEGORY )  values ( 690 , 1 ) 
 insert  into WORKFLOW_CATEGORY_WORKFLOWS (WORKFLOWS_ID_WORKFLOW , WORKFLOW_CATEGORY_ID_CATEGORY )  values ( 623 , 14 ) 
 insert  into WORKFLOW_CATEGORY_WORKFLOWS (WORKFLOWS_ID_WORKFLOW , WORKFLOW_CATEGORY_ID_CATEGORY )  values ( 316 , 17 ) 
 insert  into WORKFLOW_CATEGORY_WORKFLOWS (WORKFLOWS_ID_WORKFLOW , WORKFLOW_CATEGORY_ID_CATEGORY )  values ( 394 , 16 ) 
 insert  into WORKFLOW_CATEGORY_WORKFLOWS (WORKFLOWS_ID_WORKFLOW , WORKFLOW_CATEGORY_ID_CATEGORY )  values ( 643 , 8 ) 
 insert  into WORKFLOW_CATEGORY_WORKFLOWS (WORKFLOWS_ID_WORKFLOW , WORKFLOW_CATEGORY_ID_CATEGORY )  values ( 447 , 11 ) 
 insert  into WORKFLOW_CATEGORY_WORKFLOWS (WORKFLOWS_ID_WORKFLOW , WORKFLOW_CATEGORY_ID_CATEGORY )  values ( 593 , 4 ) 
 insert  into WORKFLOW_CATEGORY_WORKFLOWS (WORKFLOWS_ID_WORKFLOW , WORKFLOW_CATEGORY_ID_CATEGORY )  values ( 84 , 3 ) 
 insert  into WORKFLOW_CATEGORY_WORKFLOWS (WORKFLOWS_ID_WORKFLOW , WORKFLOW_CATEGORY_ID_CATEGORY )  values ( 243 , 10 ) 
 insert  into WORKFLOW_CATEGORY_WORKFLOWS (WORKFLOWS_ID_WORKFLOW , WORKFLOW_CATEGORY_ID_CATEGORY )  values ( 679 , 14 ) 
 insert  into WORKFLOW_CATEGORY_WORKFLOWS (WORKFLOWS_ID_WORKFLOW , WORKFLOW_CATEGORY_ID_CATEGORY )  values ( 47 , 12 ) 
 insert  into WORKFLOW_CATEGORY_WORKFLOWS (WORKFLOWS_ID_WORKFLOW , WORKFLOW_CATEGORY_ID_CATEGORY )  values ( 549 , 7 ) 
 insert  into WORKFLOW_CATEGORY_WORKFLOWS (WORKFLOWS_ID_WORKFLOW , WORKFLOW_CATEGORY_ID_CATEGORY )  values ( 605 , 6 ) 
 insert  into WORKFLOW_CATEGORY_WORKFLOWS (WORKFLOWS_ID_WORKFLOW , WORKFLOW_CATEGORY_ID_CATEGORY )  values ( 692 , 6 ) 
 insert  into WORKFLOW_CATEGORY_WORKFLOWS (WORKFLOWS_ID_WORKFLOW , WORKFLOW_CATEGORY_ID_CATEGORY )  values ( 698 , 7 ) 
 insert  into WORKFLOW_CATEGORY_WORKFLOWS (WORKFLOWS_ID_WORKFLOW , WORKFLOW_CATEGORY_ID_CATEGORY )  values ( 687 , 8 ) 
 insert  into WORKFLOW_CATEGORY_WORKFLOWS (WORKFLOWS_ID_WORKFLOW , WORKFLOW_CATEGORY_ID_CATEGORY )  values ( 92 , 13 ) 
 insert  into WORKFLOW_CATEGORY_WORKFLOWS (WORKFLOWS_ID_WORKFLOW , WORKFLOW_CATEGORY_ID_CATEGORY )  values ( 358 , 11 ) 
 insert  into WORKFLOW_CATEGORY_WORKFLOWS (WORKFLOWS_ID_WORKFLOW , WORKFLOW_CATEGORY_ID_CATEGORY )  values ( 643 , 15 ) 
 insert  into WORKFLOW_CATEGORY_WORKFLOWS (WORKFLOWS_ID_WORKFLOW , WORKFLOW_CATEGORY_ID_CATEGORY )  values ( 535 , 1 ) 
 insert  into WORKFLOW_CATEGORY_WORKFLOWS (WORKFLOWS_ID_WORKFLOW , WORKFLOW_CATEGORY_ID_CATEGORY )  values ( 56 , 8 ) 
 insert  into WORKFLOW_CATEGORY_WORKFLOWS (WORKFLOWS_ID_WORKFLOW , WORKFLOW_CATEGORY_ID_CATEGORY )  values ( 217 , 2 ) 
 insert  into WORKFLOW_CATEGORY_WORKFLOWS (WORKFLOWS_ID_WORKFLOW , WORKFLOW_CATEGORY_ID_CATEGORY )  values ( 471 , 9 ) 
 insert  into WORKFLOW_CATEGORY_WORKFLOWS (WORKFLOWS_ID_WORKFLOW , WORKFLOW_CATEGORY_ID_CATEGORY )  values ( 631 , 1 ) 
 insert  into WORKFLOW_CATEGORY_WORKFLOWS (WORKFLOWS_ID_WORKFLOW , WORKFLOW_CATEGORY_ID_CATEGORY )  values ( 284 , 7 ) 
 insert  into WORKFLOW_CATEGORY_WORKFLOWS (WORKFLOWS_ID_WORKFLOW , WORKFLOW_CATEGORY_ID_CATEGORY )  values ( 84 , 17 ) 
 insert  into WORKFLOW_CATEGORY_WORKFLOWS (WORKFLOWS_ID_WORKFLOW , WORKFLOW_CATEGORY_ID_CATEGORY )  values ( 508 , 12 ) 
 insert  into WORKFLOW_CATEGORY_WORKFLOWS (WORKFLOWS_ID_WORKFLOW , WORKFLOW_CATEGORY_ID_CATEGORY )  values ( 393 , 3 ) 
 insert  into WORKFLOW_CATEGORY_WORKFLOWS (WORKFLOWS_ID_WORKFLOW , WORKFLOW_CATEGORY_ID_CATEGORY )  values ( 421 , 10 ) 
 insert  into WORKFLOW_CATEGORY_WORKFLOWS (WORKFLOWS_ID_WORKFLOW , WORKFLOW_CATEGORY_ID_CATEGORY )  values ( 501 , 10 ) 
 insert  into WORKFLOW_CATEGORY_WORKFLOWS (WORKFLOWS_ID_WORKFLOW , WORKFLOW_CATEGORY_ID_CATEGORY )  values ( 81 , 10 ) 
 insert  into WORKFLOW_CATEGORY_WORKFLOWS (WORKFLOWS_ID_WORKFLOW , WORKFLOW_CATEGORY_ID_CATEGORY )  values ( 631 , 5 ) 
 insert  into WORKFLOW_CATEGORY_WORKFLOWS (WORKFLOWS_ID_WORKFLOW , WORKFLOW_CATEGORY_ID_CATEGORY )  values ( 30 , 15 ) 
 insert  into WORKFLOW_CATEGORY_WORKFLOWS (WORKFLOWS_ID_WORKFLOW , WORKFLOW_CATEGORY_ID_CATEGORY )  values ( 291 , 8 ) 
 insert  into WORKFLOW_CATEGORY_WORKFLOWS (WORKFLOWS_ID_WORKFLOW , WORKFLOW_CATEGORY_ID_CATEGORY )  values ( 598 , 8 ) 
 insert  into WORKFLOW_CATEGORY_WORKFLOWS (WORKFLOWS_ID_WORKFLOW , WORKFLOW_CATEGORY_ID_CATEGORY )  values ( 36 , 11 ) 
 insert  into WORKFLOW_CATEGORY_WORKFLOWS (WORKFLOWS_ID_WORKFLOW , WORKFLOW_CATEGORY_ID_CATEGORY )  values ( 419 , 2 ) 
 insert  into WORKFLOW_CATEGORY_WORKFLOWS (WORKFLOWS_ID_WORKFLOW , WORKFLOW_CATEGORY_ID_CATEGORY )  values ( 303 , 14 ) 
 insert  into WORKFLOW_CATEGORY_WORKFLOWS (WORKFLOWS_ID_WORKFLOW , WORKFLOW_CATEGORY_ID_CATEGORY )  values ( 635 , 5 ) 
 insert  into WORKFLOW_CATEGORY_WORKFLOWS (WORKFLOWS_ID_WORKFLOW , WORKFLOW_CATEGORY_ID_CATEGORY )  values ( 150 , 12 ) 
 insert  into WORKFLOW_CATEGORY_WORKFLOWS (WORKFLOWS_ID_WORKFLOW , WORKFLOW_CATEGORY_ID_CATEGORY )  values ( 35 , 4 ) 
 insert  into WORKFLOW_CATEGORY_WORKFLOWS (WORKFLOWS_ID_WORKFLOW , WORKFLOW_CATEGORY_ID_CATEGORY )  values ( 4 , 5 ) 
 insert  into WORKFLOW_CATEGORY_WORKFLOWS (WORKFLOWS_ID_WORKFLOW , WORKFLOW_CATEGORY_ID_CATEGORY )  values ( 136 , 16 ) 
 insert  into WORKFLOW_CATEGORY_WORKFLOWS (WORKFLOWS_ID_WORKFLOW , WORKFLOW_CATEGORY_ID_CATEGORY )  values ( 71 , 5 ) 
 insert  into WORKFLOW_CATEGORY_WORKFLOWS (WORKFLOWS_ID_WORKFLOW , WORKFLOW_CATEGORY_ID_CATEGORY )  values ( 256 , 17 ) 
 insert  into WORKFLOW_CATEGORY_WORKFLOWS (WORKFLOWS_ID_WORKFLOW , WORKFLOW_CATEGORY_ID_CATEGORY )  values ( 305 , 11 ) 
 insert  into WORKFLOW_CATEGORY_WORKFLOWS (WORKFLOWS_ID_WORKFLOW , WORKFLOW_CATEGORY_ID_CATEGORY )  values ( 250 , 2 ) 
 insert  into WORKFLOW_CATEGORY_WORKFLOWS (WORKFLOWS_ID_WORKFLOW , WORKFLOW_CATEGORY_ID_CATEGORY )  values ( 665 , 5 ) 
 insert  into WORKFLOW_CATEGORY_WORKFLOWS (WORKFLOWS_ID_WORKFLOW , WORKFLOW_CATEGORY_ID_CATEGORY )  values ( 492 , 15 ) 
 insert  into WORKFLOW_CATEGORY_WORKFLOWS (WORKFLOWS_ID_WORKFLOW , WORKFLOW_CATEGORY_ID_CATEGORY )  values ( 345 , 17 ) 
 insert  into WORKFLOW_CATEGORY_WORKFLOWS (WORKFLOWS_ID_WORKFLOW , WORKFLOW_CATEGORY_ID_CATEGORY )  values ( 182 , 14 ) 
 insert  into WORKFLOW_CATEGORY_WORKFLOWS (WORKFLOWS_ID_WORKFLOW , WORKFLOW_CATEGORY_ID_CATEGORY )  values ( 490 , 5 ) 
 insert  into WORKFLOW_CATEGORY_WORKFLOWS (WORKFLOWS_ID_WORKFLOW , WORKFLOW_CATEGORY_ID_CATEGORY )  values ( 147 , 4 ) 
 insert  into WORKFLOW_CATEGORY_WORKFLOWS (WORKFLOWS_ID_WORKFLOW , WORKFLOW_CATEGORY_ID_CATEGORY )  values ( 552 , 1 ) 
 insert  into WORKFLOW_CATEGORY_WORKFLOWS (WORKFLOWS_ID_WORKFLOW , WORKFLOW_CATEGORY_ID_CATEGORY )  values ( 306 , 3 ) 
 insert  into WORKFLOW_CATEGORY_WORKFLOWS (WORKFLOWS_ID_WORKFLOW , WORKFLOW_CATEGORY_ID_CATEGORY )  values ( 49 , 16 ) 
 insert  into WORKFLOW_CATEGORY_WORKFLOWS (WORKFLOWS_ID_WORKFLOW , WORKFLOW_CATEGORY_ID_CATEGORY )  values ( 686 , 14 ) 
 insert  into WORKFLOW_CATEGORY_WORKFLOWS (WORKFLOWS_ID_WORKFLOW , WORKFLOW_CATEGORY_ID_CATEGORY )  values ( 53 , 10 ) 
 insert  into WORKFLOW_CATEGORY_WORKFLOWS (WORKFLOWS_ID_WORKFLOW , WORKFLOW_CATEGORY_ID_CATEGORY )  values ( 674 , 17 ) 
 insert  into WORKFLOW_CATEGORY_WORKFLOWS (WORKFLOWS_ID_WORKFLOW , WORKFLOW_CATEGORY_ID_CATEGORY )  values ( 421 , 6 ) 
 insert  into WORKFLOW_CATEGORY_WORKFLOWS (WORKFLOWS_ID_WORKFLOW , WORKFLOW_CATEGORY_ID_CATEGORY )  values ( 543 , 13 ) 
 insert  into WORKFLOW_CATEGORY_WORKFLOWS (WORKFLOWS_ID_WORKFLOW , WORKFLOW_CATEGORY_ID_CATEGORY )  values ( 428 , 15 ) 
 insert  into WORKFLOW_CATEGORY_WORKFLOWS (WORKFLOWS_ID_WORKFLOW , WORKFLOW_CATEGORY_ID_CATEGORY )  values ( 333 , 17 ) 
 insert  into WORKFLOW_CATEGORY_WORKFLOWS (WORKFLOWS_ID_WORKFLOW , WORKFLOW_CATEGORY_ID_CATEGORY )  values ( 665 , 7 ) 
 insert  into WORKFLOW_CATEGORY_WORKFLOWS (WORKFLOWS_ID_WORKFLOW , WORKFLOW_CATEGORY_ID_CATEGORY )  values ( 243 , 8 ) 
 insert  into WORKFLOW_CATEGORY_WORKFLOWS (WORKFLOWS_ID_WORKFLOW , WORKFLOW_CATEGORY_ID_CATEGORY )  values ( 698 , 12 ) 
 insert  into WORKFLOW_CATEGORY_WORKFLOWS (WORKFLOWS_ID_WORKFLOW , WORKFLOW_CATEGORY_ID_CATEGORY )  values ( 221 , 10 ) 
 insert  into WORKFLOW_CATEGORY_WORKFLOWS (WORKFLOWS_ID_WORKFLOW , WORKFLOW_CATEGORY_ID_CATEGORY )  values ( 662 , 13 ) 
 insert  into WORKFLOW_CATEGORY_WORKFLOWS (WORKFLOWS_ID_WORKFLOW , WORKFLOW_CATEGORY_ID_CATEGORY )  values ( 308 , 6 ) 
 insert  into WORKFLOW_CATEGORY_WORKFLOWS (WORKFLOWS_ID_WORKFLOW , WORKFLOW_CATEGORY_ID_CATEGORY )  values ( 117 , 14 ) 
 insert  into WORKFLOW_CATEGORY_WORKFLOWS (WORKFLOWS_ID_WORKFLOW , WORKFLOW_CATEGORY_ID_CATEGORY )  values ( 6 , 17 ) 
 insert  into WORKFLOW_CATEGORY_WORKFLOWS (WORKFLOWS_ID_WORKFLOW , WORKFLOW_CATEGORY_ID_CATEGORY )  values ( 154 , 2 ) 
 insert  into WORKFLOW_CATEGORY_WORKFLOWS (WORKFLOWS_ID_WORKFLOW , WORKFLOW_CATEGORY_ID_CATEGORY )  values ( 614 , 13 ) 
 insert  into WORKFLOW_CATEGORY_WORKFLOWS (WORKFLOWS_ID_WORKFLOW , WORKFLOW_CATEGORY_ID_CATEGORY )  values ( 283 , 8 ) 
 insert  into WORKFLOW_CATEGORY_WORKFLOWS (WORKFLOWS_ID_WORKFLOW , WORKFLOW_CATEGORY_ID_CATEGORY )  values ( 397 , 6 ) 
 insert  into WORKFLOW_CATEGORY_WORKFLOWS (WORKFLOWS_ID_WORKFLOW , WORKFLOW_CATEGORY_ID_CATEGORY )  values ( 294 , 5 ) 
 insert  into WORKFLOW_CATEGORY_WORKFLOWS (WORKFLOWS_ID_WORKFLOW , WORKFLOW_CATEGORY_ID_CATEGORY )  values ( 183 , 13 ) 
 insert  into WORKFLOW_CATEGORY_WORKFLOWS (WORKFLOWS_ID_WORKFLOW , WORKFLOW_CATEGORY_ID_CATEGORY )  values ( 412 , 10 ) 
 insert  into WORKFLOW_CATEGORY_WORKFLOWS (WORKFLOWS_ID_WORKFLOW , WORKFLOW_CATEGORY_ID_CATEGORY )  values ( 230 , 16 ) 
 insert  into WORKFLOW_CATEGORY_WORKFLOWS (WORKFLOWS_ID_WORKFLOW , WORKFLOW_CATEGORY_ID_CATEGORY )  values ( 232 , 4 ) 
 insert  into WORKFLOW_CATEGORY_WORKFLOWS (WORKFLOWS_ID_WORKFLOW , WORKFLOW_CATEGORY_ID_CATEGORY )  values ( 128 , 15 ) 
 insert  into WORKFLOW_CATEGORY_WORKFLOWS (WORKFLOWS_ID_WORKFLOW , WORKFLOW_CATEGORY_ID_CATEGORY )  values ( 39 , 17 ) 
 insert  into WORKFLOW_CATEGORY_WORKFLOWS (WORKFLOWS_ID_WORKFLOW , WORKFLOW_CATEGORY_ID_CATEGORY )  values ( 210 , 15 ) 
 insert  into WORKFLOW_CATEGORY_WORKFLOWS (WORKFLOWS_ID_WORKFLOW , WORKFLOW_CATEGORY_ID_CATEGORY )  values ( 271 , 3 ) 
 insert  into WORKFLOW_CATEGORY_WORKFLOWS (WORKFLOWS_ID_WORKFLOW , WORKFLOW_CATEGORY_ID_CATEGORY )  values ( 11 , 5 ) 
 insert  into WORKFLOW_CATEGORY_WORKFLOWS (WORKFLOWS_ID_WORKFLOW , WORKFLOW_CATEGORY_ID_CATEGORY )  values ( 506 , 6 ) 
 insert  into WORKFLOW_CATEGORY_WORKFLOWS (WORKFLOWS_ID_WORKFLOW , WORKFLOW_CATEGORY_ID_CATEGORY )  values ( 169 , 2 ) 
 insert  into WORKFLOW_CATEGORY_WORKFLOWS (WORKFLOWS_ID_WORKFLOW , WORKFLOW_CATEGORY_ID_CATEGORY )  values ( 282 , 2 ) 
 insert  into WORKFLOW_CATEGORY_WORKFLOWS (WORKFLOWS_ID_WORKFLOW , WORKFLOW_CATEGORY_ID_CATEGORY )  values ( 456 , 3 ) 
 insert  into WORKFLOW_CATEGORY_WORKFLOWS (WORKFLOWS_ID_WORKFLOW , WORKFLOW_CATEGORY_ID_CATEGORY )  values ( 302 , 9 ) 
 insert  into WORKFLOW_CATEGORY_WORKFLOWS (WORKFLOWS_ID_WORKFLOW , WORKFLOW_CATEGORY_ID_CATEGORY )  values ( 665 , 6 ) 
 insert  into WORKFLOW_CATEGORY_WORKFLOWS (WORKFLOWS_ID_WORKFLOW , WORKFLOW_CATEGORY_ID_CATEGORY )  values ( 380 , 8 ) 
 insert  into WORKFLOW_CATEGORY_WORKFLOWS (WORKFLOWS_ID_WORKFLOW , WORKFLOW_CATEGORY_ID_CATEGORY )  values ( 544 , 3 ) 
 insert  into WORKFLOW_CATEGORY_WORKFLOWS (WORKFLOWS_ID_WORKFLOW , WORKFLOW_CATEGORY_ID_CATEGORY )  values ( 426 , 13 ) 
 insert  into WORKFLOW_CATEGORY_WORKFLOWS (WORKFLOWS_ID_WORKFLOW , WORKFLOW_CATEGORY_ID_CATEGORY )  values ( 342 , 8 ) 
 insert  into WORKFLOW_CATEGORY_WORKFLOWS (WORKFLOWS_ID_WORKFLOW , WORKFLOW_CATEGORY_ID_CATEGORY )  values ( 563 , 2 ) 
 insert  into WORKFLOW_CATEGORY_WORKFLOWS (WORKFLOWS_ID_WORKFLOW , WORKFLOW_CATEGORY_ID_CATEGORY )  values ( 363 , 14 ) 
 insert  into WORKFLOW_CATEGORY_WORKFLOWS (WORKFLOWS_ID_WORKFLOW , WORKFLOW_CATEGORY_ID_CATEGORY )  values ( 500 , 11 ) 
 insert  into WORKFLOW_CATEGORY_WORKFLOWS (WORKFLOWS_ID_WORKFLOW , WORKFLOW_CATEGORY_ID_CATEGORY )  values ( 198 , 13 ) 
 insert  into WORKFLOW_CATEGORY_WORKFLOWS (WORKFLOWS_ID_WORKFLOW , WORKFLOW_CATEGORY_ID_CATEGORY )  values ( 400 , 6 ) 
 insert  into WORKFLOW_CATEGORY_WORKFLOWS (WORKFLOWS_ID_WORKFLOW , WORKFLOW_CATEGORY_ID_CATEGORY )  values ( 411 , 15 ) 
 insert  into WORKFLOW_CATEGORY_WORKFLOWS (WORKFLOWS_ID_WORKFLOW , WORKFLOW_CATEGORY_ID_CATEGORY )  values ( 64 , 12 ) 
 insert  into WORKFLOW_CATEGORY_WORKFLOWS (WORKFLOWS_ID_WORKFLOW , WORKFLOW_CATEGORY_ID_CATEGORY )  values ( 269 , 9 ) 
 insert  into WORKFLOW_CATEGORY_WORKFLOWS (WORKFLOWS_ID_WORKFLOW , WORKFLOW_CATEGORY_ID_CATEGORY )  values ( 699 , 1 ) 
 insert  into WORKFLOW_CATEGORY_WORKFLOWS (WORKFLOWS_ID_WORKFLOW , WORKFLOW_CATEGORY_ID_CATEGORY )  values ( 167 , 15 ) 
 insert  into WORKFLOW_CATEGORY_WORKFLOWS (WORKFLOWS_ID_WORKFLOW , WORKFLOW_CATEGORY_ID_CATEGORY )  values ( 104 , 7 ) 
 insert  into WORKFLOW_CATEGORY_WORKFLOWS (WORKFLOWS_ID_WORKFLOW , WORKFLOW_CATEGORY_ID_CATEGORY )  values ( 206 , 1 ) 
 insert  into WORKFLOW_CATEGORY_WORKFLOWS (WORKFLOWS_ID_WORKFLOW , WORKFLOW_CATEGORY_ID_CATEGORY )  values ( 206 , 13 ) 
 insert  into WORKFLOW_CATEGORY_WORKFLOWS (WORKFLOWS_ID_WORKFLOW , WORKFLOW_CATEGORY_ID_CATEGORY )  values ( 467 , 12 ) 
 insert  into WORKFLOW_CATEGORY_WORKFLOWS (WORKFLOWS_ID_WORKFLOW , WORKFLOW_CATEGORY_ID_CATEGORY )  values ( 32 , 17 ) 
 insert  into WORKFLOW_CATEGORY_WORKFLOWS (WORKFLOWS_ID_WORKFLOW , WORKFLOW_CATEGORY_ID_CATEGORY )  values ( 91 , 3 ) 
 insert  into WORKFLOW_CATEGORY_WORKFLOWS (WORKFLOWS_ID_WORKFLOW , WORKFLOW_CATEGORY_ID_CATEGORY )  values ( 99 , 12 ) 
 insert  into WORKFLOW_CATEGORY_WORKFLOWS (WORKFLOWS_ID_WORKFLOW , WORKFLOW_CATEGORY_ID_CATEGORY )  values ( 474 , 14 ) 
 insert  into WORKFLOW_CATEGORY_WORKFLOWS (WORKFLOWS_ID_WORKFLOW , WORKFLOW_CATEGORY_ID_CATEGORY )  values ( 187 , 1 ) 
 insert  into WORKFLOW_CATEGORY_WORKFLOWS (WORKFLOWS_ID_WORKFLOW , WORKFLOW_CATEGORY_ID_CATEGORY )  values ( 49 , 6 ) 
 insert  into WORKFLOW_CATEGORY_WORKFLOWS (WORKFLOWS_ID_WORKFLOW , WORKFLOW_CATEGORY_ID_CATEGORY )  values ( 587 , 1 ) 
 insert  into WORKFLOW_CATEGORY_WORKFLOWS (WORKFLOWS_ID_WORKFLOW , WORKFLOW_CATEGORY_ID_CATEGORY )  values ( 500 , 7 ) 
 insert  into WORKFLOW_CATEGORY_WORKFLOWS (WORKFLOWS_ID_WORKFLOW , WORKFLOW_CATEGORY_ID_CATEGORY )  values ( 529 , 15 ) 
 insert  into WORKFLOW_CATEGORY_WORKFLOWS (WORKFLOWS_ID_WORKFLOW , WORKFLOW_CATEGORY_ID_CATEGORY )  values ( 227 , 5 ) 
 insert  into WORKFLOW_CATEGORY_WORKFLOWS (WORKFLOWS_ID_WORKFLOW , WORKFLOW_CATEGORY_ID_CATEGORY )  values ( 647 , 4 ) 
 insert  into WORKFLOW_CATEGORY_WORKFLOWS (WORKFLOWS_ID_WORKFLOW , WORKFLOW_CATEGORY_ID_CATEGORY )  values ( 442 , 7 ) 
 insert  into WORKFLOW_CATEGORY_WORKFLOWS (WORKFLOWS_ID_WORKFLOW , WORKFLOW_CATEGORY_ID_CATEGORY )  values ( 368 , 16 ) 
 insert  into WORKFLOW_CATEGORY_WORKFLOWS (WORKFLOWS_ID_WORKFLOW , WORKFLOW_CATEGORY_ID_CATEGORY )  values ( 55 , 5 ) 
 insert  into WORKFLOW_CATEGORY_WORKFLOWS (WORKFLOWS_ID_WORKFLOW , WORKFLOW_CATEGORY_ID_CATEGORY )  values ( 211 , 17 ) 
 insert  into WORKFLOW_CATEGORY_WORKFLOWS (WORKFLOWS_ID_WORKFLOW , WORKFLOW_CATEGORY_ID_CATEGORY )  values ( 532 , 11 ) 
 insert  into WORKFLOW_CATEGORY_WORKFLOWS (WORKFLOWS_ID_WORKFLOW , WORKFLOW_CATEGORY_ID_CATEGORY )  values ( 628 , 1 ) 
 insert  into WORKFLOW_CATEGORY_WORKFLOWS (WORKFLOWS_ID_WORKFLOW , WORKFLOW_CATEGORY_ID_CATEGORY )  values ( 116 , 5 ) 
 insert  into WORKFLOW_CATEGORY_WORKFLOWS (WORKFLOWS_ID_WORKFLOW , WORKFLOW_CATEGORY_ID_CATEGORY )  values ( 133 , 5 ) 
 insert  into WORKFLOW_CATEGORY_WORKFLOWS (WORKFLOWS_ID_WORKFLOW , WORKFLOW_CATEGORY_ID_CATEGORY )  values ( 107 , 3 ) 
 insert  into WORKFLOW_CATEGORY_WORKFLOWS (WORKFLOWS_ID_WORKFLOW , WORKFLOW_CATEGORY_ID_CATEGORY )  values ( 282 , 11 ) 
 insert  into WORKFLOW_CATEGORY_WORKFLOWS (WORKFLOWS_ID_WORKFLOW , WORKFLOW_CATEGORY_ID_CATEGORY )  values ( 286 , 13 ) 
 insert  into WORKFLOW_CATEGORY_WORKFLOWS (WORKFLOWS_ID_WORKFLOW , WORKFLOW_CATEGORY_ID_CATEGORY )  values ( 62 , 12 ) 
 insert  into WORKFLOW_CATEGORY_WORKFLOWS (WORKFLOWS_ID_WORKFLOW , WORKFLOW_CATEGORY_ID_CATEGORY )  values ( 468 , 11 ) 
 insert  into WORKFLOW_CATEGORY_WORKFLOWS (WORKFLOWS_ID_WORKFLOW , WORKFLOW_CATEGORY_ID_CATEGORY )  values ( 591 , 5 ) 
 insert  into WORKFLOW_CATEGORY_WORKFLOWS (WORKFLOWS_ID_WORKFLOW , WORKFLOW_CATEGORY_ID_CATEGORY )  values ( 547 , 7 ) 
 insert  into WORKFLOW_CATEGORY_WORKFLOWS (WORKFLOWS_ID_WORKFLOW , WORKFLOW_CATEGORY_ID_CATEGORY )  values ( 130 , 9 ) 
 insert  into WORKFLOW_CATEGORY_WORKFLOWS (WORKFLOWS_ID_WORKFLOW , WORKFLOW_CATEGORY_ID_CATEGORY )  values ( 137 , 11 ) 
 insert  into WORKFLOW_CATEGORY_WORKFLOWS (WORKFLOWS_ID_WORKFLOW , WORKFLOW_CATEGORY_ID_CATEGORY )  values ( 291 , 12 ) 
 insert  into WORKFLOW_CATEGORY_WORKFLOWS (WORKFLOWS_ID_WORKFLOW , WORKFLOW_CATEGORY_ID_CATEGORY )  values ( 492 , 16 ) 
 insert  into WORKFLOW_CATEGORY_WORKFLOWS (WORKFLOWS_ID_WORKFLOW , WORKFLOW_CATEGORY_ID_CATEGORY )  values ( 509 , 8 ) 
 insert  into WORKFLOW_CATEGORY_WORKFLOWS (WORKFLOWS_ID_WORKFLOW , WORKFLOW_CATEGORY_ID_CATEGORY )  values ( 376 , 2 ) 
 insert  into WORKFLOW_CATEGORY_WORKFLOWS (WORKFLOWS_ID_WORKFLOW , WORKFLOW_CATEGORY_ID_CATEGORY )  values ( 440 , 9 ) 
 insert  into WORKFLOW_CATEGORY_WORKFLOWS (WORKFLOWS_ID_WORKFLOW , WORKFLOW_CATEGORY_ID_CATEGORY )  values ( 111 , 16 ) 
 insert  into WORKFLOW_CATEGORY_WORKFLOWS (WORKFLOWS_ID_WORKFLOW , WORKFLOW_CATEGORY_ID_CATEGORY )  values ( 26 , 15 ) 
 insert  into WORKFLOW_CATEGORY_WORKFLOWS (WORKFLOWS_ID_WORKFLOW , WORKFLOW_CATEGORY_ID_CATEGORY )  values ( 659 , 12 ) 
 insert  into WORKFLOW_CATEGORY_WORKFLOWS (WORKFLOWS_ID_WORKFLOW , WORKFLOW_CATEGORY_ID_CATEGORY )  values ( 280 , 1 ) 
 insert  into WORKFLOW_CATEGORY_WORKFLOWS (WORKFLOWS_ID_WORKFLOW , WORKFLOW_CATEGORY_ID_CATEGORY )  values ( 496 , 5 ) 
 insert  into WORKFLOW_CATEGORY_WORKFLOWS (WORKFLOWS_ID_WORKFLOW , WORKFLOW_CATEGORY_ID_CATEGORY )  values ( 6 , 14 ) 
 insert  into WORKFLOW_CATEGORY_WORKFLOWS (WORKFLOWS_ID_WORKFLOW , WORKFLOW_CATEGORY_ID_CATEGORY )  values ( 84 , 12 ) 
 insert  into WORKFLOW_CATEGORY_WORKFLOWS (WORKFLOWS_ID_WORKFLOW , WORKFLOW_CATEGORY_ID_CATEGORY )  values ( 96 , 1 ) 
 insert  into WORKFLOW_CATEGORY_WORKFLOWS (WORKFLOWS_ID_WORKFLOW , WORKFLOW_CATEGORY_ID_CATEGORY )  values ( 182 , 2 ) 
 insert  into WORKFLOW_CATEGORY_WORKFLOWS (WORKFLOWS_ID_WORKFLOW , WORKFLOW_CATEGORY_ID_CATEGORY )  values ( 100 , 14 ) 
 insert  into WORKFLOW_CATEGORY_WORKFLOWS (WORKFLOWS_ID_WORKFLOW , WORKFLOW_CATEGORY_ID_CATEGORY )  values ( 267 , 10 ) 
 insert  into WORKFLOW_CATEGORY_WORKFLOWS (WORKFLOWS_ID_WORKFLOW , WORKFLOW_CATEGORY_ID_CATEGORY )  values ( 427 , 6 ) 
 insert  into WORKFLOW_CATEGORY_WORKFLOWS (WORKFLOWS_ID_WORKFLOW , WORKFLOW_CATEGORY_ID_CATEGORY )  values ( 432 , 16 ) 
 insert  into WORKFLOW_CATEGORY_WORKFLOWS (WORKFLOWS_ID_WORKFLOW , WORKFLOW_CATEGORY_ID_CATEGORY )  values ( 476 , 11 ) 
 insert  into WORKFLOW_CATEGORY_WORKFLOWS (WORKFLOWS_ID_WORKFLOW , WORKFLOW_CATEGORY_ID_CATEGORY )  values ( 487 , 12 ) 
 insert  into WORKFLOW_CATEGORY_WORKFLOWS (WORKFLOWS_ID_WORKFLOW , WORKFLOW_CATEGORY_ID_CATEGORY )  values ( 215 , 1 ) 
 insert  into WORKFLOW_CATEGORY_WORKFLOWS (WORKFLOWS_ID_WORKFLOW , WORKFLOW_CATEGORY_ID_CATEGORY )  values ( 92 , 1 ) 
 insert  into WORKFLOW_CATEGORY_WORKFLOWS (WORKFLOWS_ID_WORKFLOW , WORKFLOW_CATEGORY_ID_CATEGORY )  values ( 471 , 3 ) 
 insert  into WORKFLOW_CATEGORY_WORKFLOWS (WORKFLOWS_ID_WORKFLOW , WORKFLOW_CATEGORY_ID_CATEGORY )  values ( 40 , 17 ) 
 insert  into WORKFLOW_CATEGORY_WORKFLOWS (WORKFLOWS_ID_WORKFLOW , WORKFLOW_CATEGORY_ID_CATEGORY )  values ( 184 , 1 ) 
 insert  into WORKFLOW_CATEGORY_WORKFLOWS (WORKFLOWS_ID_WORKFLOW , WORKFLOW_CATEGORY_ID_CATEGORY )  values ( 678 , 4 ) 
 insert  into WORKFLOW_CATEGORY_WORKFLOWS (WORKFLOWS_ID_WORKFLOW , WORKFLOW_CATEGORY_ID_CATEGORY )  values ( 77 , 1 ) 
 insert  into WORKFLOW_CATEGORY_WORKFLOWS (WORKFLOWS_ID_WORKFLOW , WORKFLOW_CATEGORY_ID_CATEGORY )  values ( 592 , 14 ) 
 insert  into WORKFLOW_CATEGORY_WORKFLOWS (WORKFLOWS_ID_WORKFLOW , WORKFLOW_CATEGORY_ID_CATEGORY )  values ( 389 , 1 ) 
 insert  into WORKFLOW_CATEGORY_WORKFLOWS (WORKFLOWS_ID_WORKFLOW , WORKFLOW_CATEGORY_ID_CATEGORY )  values ( 550 , 7 ) 
 insert  into WORKFLOW_CATEGORY_WORKFLOWS (WORKFLOWS_ID_WORKFLOW , WORKFLOW_CATEGORY_ID_CATEGORY )  values ( 57 , 15 ) 
 insert  into WORKFLOW_CATEGORY_WORKFLOWS (WORKFLOWS_ID_WORKFLOW , WORKFLOW_CATEGORY_ID_CATEGORY )  values ( 690 , 8 ) 
 insert  into WORKFLOW_CATEGORY_WORKFLOWS (WORKFLOWS_ID_WORKFLOW , WORKFLOW_CATEGORY_ID_CATEGORY )  values ( 591 , 8 ) 
 insert  into WORKFLOW_CATEGORY_WORKFLOWS (WORKFLOWS_ID_WORKFLOW , WORKFLOW_CATEGORY_ID_CATEGORY )  values ( 19 , 12 ) 
 insert  into WORKFLOW_CATEGORY_WORKFLOWS (WORKFLOWS_ID_WORKFLOW , WORKFLOW_CATEGORY_ID_CATEGORY )  values ( 501 , 12 ) 
 insert  into WORKFLOW_CATEGORY_WORKFLOWS (WORKFLOWS_ID_WORKFLOW , WORKFLOW_CATEGORY_ID_CATEGORY )  values ( 437 , 16 ) 
 insert  into WORKFLOW_CATEGORY_WORKFLOWS (WORKFLOWS_ID_WORKFLOW , WORKFLOW_CATEGORY_ID_CATEGORY )  values ( 594 , 5 ) 
 insert  into WORKFLOW_CATEGORY_WORKFLOWS (WORKFLOWS_ID_WORKFLOW , WORKFLOW_CATEGORY_ID_CATEGORY )  values ( 407 , 16 ) 
 insert  into WORKFLOW_CATEGORY_WORKFLOWS (WORKFLOWS_ID_WORKFLOW , WORKFLOW_CATEGORY_ID_CATEGORY )  values ( 287 , 1 ) 
 insert  into WORKFLOW_CATEGORY_WORKFLOWS (WORKFLOWS_ID_WORKFLOW , WORKFLOW_CATEGORY_ID_CATEGORY )  values ( 145 , 14 ) 
 insert  into WORKFLOW_CATEGORY_WORKFLOWS (WORKFLOWS_ID_WORKFLOW , WORKFLOW_CATEGORY_ID_CATEGORY )  values ( 40 , 2 ) 
 insert  into WORKFLOW_CATEGORY_WORKFLOWS (WORKFLOWS_ID_WORKFLOW , WORKFLOW_CATEGORY_ID_CATEGORY )  values ( 244 , 3 ) 
 insert  into WORKFLOW_CATEGORY_WORKFLOWS (WORKFLOWS_ID_WORKFLOW , WORKFLOW_CATEGORY_ID_CATEGORY )  values ( 290 , 1 ) 
 insert  into WORKFLOW_CATEGORY_WORKFLOWS (WORKFLOWS_ID_WORKFLOW , WORKFLOW_CATEGORY_ID_CATEGORY )  values ( 439 , 17 ) 
 insert  into WORKFLOW_CATEGORY_WORKFLOWS (WORKFLOWS_ID_WORKFLOW , WORKFLOW_CATEGORY_ID_CATEGORY )  values ( 296 , 13 ) 
 insert  into WORKFLOW_CATEGORY_WORKFLOWS (WORKFLOWS_ID_WORKFLOW , WORKFLOW_CATEGORY_ID_CATEGORY )  values ( 489 , 12 ) 
 insert  into WORKFLOW_CATEGORY_WORKFLOWS (WORKFLOWS_ID_WORKFLOW , WORKFLOW_CATEGORY_ID_CATEGORY )  values ( 344 , 11 ) 
 insert  into WORKFLOW_CATEGORY_WORKFLOWS (WORKFLOWS_ID_WORKFLOW , WORKFLOW_CATEGORY_ID_CATEGORY )  values ( 673 , 6 ) 
 insert  into WORKFLOW_CATEGORY_WORKFLOWS (WORKFLOWS_ID_WORKFLOW , WORKFLOW_CATEGORY_ID_CATEGORY )  values ( 588 , 12 ) 
 insert  into WORKFLOW_CATEGORY_WORKFLOWS (WORKFLOWS_ID_WORKFLOW , WORKFLOW_CATEGORY_ID_CATEGORY )  values ( 399 , 4 ) 
 insert  into WORKFLOW_CATEGORY_WORKFLOWS (WORKFLOWS_ID_WORKFLOW , WORKFLOW_CATEGORY_ID_CATEGORY )  values ( 26 , 11 ) 
 insert  into WORKFLOW_CATEGORY_WORKFLOWS (WORKFLOWS_ID_WORKFLOW , WORKFLOW_CATEGORY_ID_CATEGORY )  values ( 544 , 8 ) 
 insert  into WORKFLOW_CATEGORY_WORKFLOWS (WORKFLOWS_ID_WORKFLOW , WORKFLOW_CATEGORY_ID_CATEGORY )  values ( 513 , 9 ) 
 insert  into WORKFLOW_CATEGORY_WORKFLOWS (WORKFLOWS_ID_WORKFLOW , WORKFLOW_CATEGORY_ID_CATEGORY )  values ( 433 , 11 ) 
 insert  into WORKFLOW_CATEGORY_WORKFLOWS (WORKFLOWS_ID_WORKFLOW , WORKFLOW_CATEGORY_ID_CATEGORY )  values ( 553 , 3 ) 
 insert  into WORKFLOW_CATEGORY_WORKFLOWS (WORKFLOWS_ID_WORKFLOW , WORKFLOW_CATEGORY_ID_CATEGORY )  values ( 473 , 10 ) 
 insert  into WORKFLOW_CATEGORY_WORKFLOWS (WORKFLOWS_ID_WORKFLOW , WORKFLOW_CATEGORY_ID_CATEGORY )  values ( 393 , 4 ) 
 insert  into WORKFLOW_CATEGORY_WORKFLOWS (WORKFLOWS_ID_WORKFLOW , WORKFLOW_CATEGORY_ID_CATEGORY )  values ( 152 , 8 ) 
 insert  into WORKFLOW_CATEGORY_WORKFLOWS (WORKFLOWS_ID_WORKFLOW , WORKFLOW_CATEGORY_ID_CATEGORY )  values ( 577 , 1 ) 
 insert  into WORKFLOW_CATEGORY_WORKFLOWS (WORKFLOWS_ID_WORKFLOW , WORKFLOW_CATEGORY_ID_CATEGORY )  values ( 220 , 8 ) 
 insert  into WORKFLOW_CATEGORY_WORKFLOWS (WORKFLOWS_ID_WORKFLOW , WORKFLOW_CATEGORY_ID_CATEGORY )  values ( 10 , 5 ) 
 insert  into WORKFLOW_CATEGORY_WORKFLOWS (WORKFLOWS_ID_WORKFLOW , WORKFLOW_CATEGORY_ID_CATEGORY )  values ( 430 , 3 ) 
 insert  into WORKFLOW_CATEGORY_WORKFLOWS (WORKFLOWS_ID_WORKFLOW , WORKFLOW_CATEGORY_ID_CATEGORY )  values ( 487 , 13 ) 
 insert  into WORKFLOW_CATEGORY_WORKFLOWS (WORKFLOWS_ID_WORKFLOW , WORKFLOW_CATEGORY_ID_CATEGORY )  values ( 253 , 11 ) 
 insert  into WORKFLOW_CATEGORY_WORKFLOWS (WORKFLOWS_ID_WORKFLOW , WORKFLOW_CATEGORY_ID_CATEGORY )  values ( 641 , 13 ) 
 insert  into WORKFLOW_CATEGORY_WORKFLOWS (WORKFLOWS_ID_WORKFLOW , WORKFLOW_CATEGORY_ID_CATEGORY )  values ( 606 , 14 ) 
 insert  into WORKFLOW_CATEGORY_WORKFLOWS (WORKFLOWS_ID_WORKFLOW , WORKFLOW_CATEGORY_ID_CATEGORY )  values ( 659 , 4 ) 
 insert  into WORKFLOW_CATEGORY_WORKFLOWS (WORKFLOWS_ID_WORKFLOW , WORKFLOW_CATEGORY_ID_CATEGORY )  values ( 82 , 1 ) 
 insert  into WORKFLOW_CATEGORY_WORKFLOWS (WORKFLOWS_ID_WORKFLOW , WORKFLOW_CATEGORY_ID_CATEGORY )  values ( 108 , 5 ) 
 insert  into WORKFLOW_CATEGORY_WORKFLOWS (WORKFLOWS_ID_WORKFLOW , WORKFLOW_CATEGORY_ID_CATEGORY )  values ( 273 , 4 ) 
 insert  into WORKFLOW_CATEGORY_WORKFLOWS (WORKFLOWS_ID_WORKFLOW , WORKFLOW_CATEGORY_ID_CATEGORY )  values ( 215 , 6 ) 
 insert  into WORKFLOW_CATEGORY_WORKFLOWS (WORKFLOWS_ID_WORKFLOW , WORKFLOW_CATEGORY_ID_CATEGORY )  values ( 540 , 14 ) 
 insert  into WORKFLOW_CATEGORY_WORKFLOWS (WORKFLOWS_ID_WORKFLOW , WORKFLOW_CATEGORY_ID_CATEGORY )  values ( 97 , 2 ) 
 insert  into WORKFLOW_CATEGORY_WORKFLOWS (WORKFLOWS_ID_WORKFLOW , WORKFLOW_CATEGORY_ID_CATEGORY )  values ( 163 , 12 ) 
 insert  into WORKFLOW_CATEGORY_WORKFLOWS (WORKFLOWS_ID_WORKFLOW , WORKFLOW_CATEGORY_ID_CATEGORY )  values ( 273 , 13 ) 
 insert  into WORKFLOW_CATEGORY_WORKFLOWS (WORKFLOWS_ID_WORKFLOW , WORKFLOW_CATEGORY_ID_CATEGORY )  values ( 361 , 1 ) 
 insert  into WORKFLOW_CATEGORY_WORKFLOWS (WORKFLOWS_ID_WORKFLOW , WORKFLOW_CATEGORY_ID_CATEGORY )  values ( 414 , 5 ) 
 insert  into WORKFLOW_CATEGORY_WORKFLOWS (WORKFLOWS_ID_WORKFLOW , WORKFLOW_CATEGORY_ID_CATEGORY )  values ( 274 , 13 ) 
 insert  into WORKFLOW_CATEGORY_WORKFLOWS (WORKFLOWS_ID_WORKFLOW , WORKFLOW_CATEGORY_ID_CATEGORY )  values ( 414 , 2 ) 
 insert  into WORKFLOW_CATEGORY_WORKFLOWS (WORKFLOWS_ID_WORKFLOW , WORKFLOW_CATEGORY_ID_CATEGORY )  values ( 693 , 16 ) 
 insert  into WORKFLOW_CATEGORY_WORKFLOWS (WORKFLOWS_ID_WORKFLOW , WORKFLOW_CATEGORY_ID_CATEGORY )  values ( 497 , 6 ) 
 insert  into WORKFLOW_CATEGORY_WORKFLOWS (WORKFLOWS_ID_WORKFLOW , WORKFLOW_CATEGORY_ID_CATEGORY )  values ( 575 , 5 ) 
 insert  into WORKFLOW_CATEGORY_WORKFLOWS (WORKFLOWS_ID_WORKFLOW , WORKFLOW_CATEGORY_ID_CATEGORY )  values ( 384 , 1 ) 
 insert  into WORKFLOW_CATEGORY_WORKFLOWS (WORKFLOWS_ID_WORKFLOW , WORKFLOW_CATEGORY_ID_CATEGORY )  values ( 549 , 8 ) 
 insert  into WORKFLOW_CATEGORY_WORKFLOWS (WORKFLOWS_ID_WORKFLOW , WORKFLOW_CATEGORY_ID_CATEGORY )  values ( 675 , 3 ) 
 insert  into WORKFLOW_CATEGORY_WORKFLOWS (WORKFLOWS_ID_WORKFLOW , WORKFLOW_CATEGORY_ID_CATEGORY )  values ( 646 , 14 ) 
 insert  into WORKFLOW_CATEGORY_WORKFLOWS (WORKFLOWS_ID_WORKFLOW , WORKFLOW_CATEGORY_ID_CATEGORY )  values ( 307 , 9 ) 
 insert  into WORKFLOW_CATEGORY_WORKFLOWS (WORKFLOWS_ID_WORKFLOW , WORKFLOW_CATEGORY_ID_CATEGORY )  values ( 672 , 1 ) 
 insert  into WORKFLOW_CATEGORY_WORKFLOWS (WORKFLOWS_ID_WORKFLOW , WORKFLOW_CATEGORY_ID_CATEGORY )  values ( 60 , 3 ) 
 insert  into WORKFLOW_CATEGORY_WORKFLOWS (WORKFLOWS_ID_WORKFLOW , WORKFLOW_CATEGORY_ID_CATEGORY )  values ( 458 , 14 ) 
 insert  into WORKFLOW_CATEGORY_WORKFLOWS (WORKFLOWS_ID_WORKFLOW , WORKFLOW_CATEGORY_ID_CATEGORY )  values ( 592 , 4 ) 
 insert  into WORKFLOW_CATEGORY_WORKFLOWS (WORKFLOWS_ID_WORKFLOW , WORKFLOW_CATEGORY_ID_CATEGORY )  values ( 584 , 5 ) 
 insert  into WORKFLOW_CATEGORY_WORKFLOWS (WORKFLOWS_ID_WORKFLOW , WORKFLOW_CATEGORY_ID_CATEGORY )  values ( 14 , 12 ) 
 insert  into WORKFLOW_CATEGORY_WORKFLOWS (WORKFLOWS_ID_WORKFLOW , WORKFLOW_CATEGORY_ID_CATEGORY )  values ( 416 , 4 ) 
 insert  into WORKFLOW_CATEGORY_WORKFLOWS (WORKFLOWS_ID_WORKFLOW , WORKFLOW_CATEGORY_ID_CATEGORY )  values ( 50 , 2 ) 
 insert  into WORKFLOW_CATEGORY_WORKFLOWS (WORKFLOWS_ID_WORKFLOW , WORKFLOW_CATEGORY_ID_CATEGORY )  values ( 324 , 5 ) 
 insert  into WORKFLOW_CATEGORY_WORKFLOWS (WORKFLOWS_ID_WORKFLOW , WORKFLOW_CATEGORY_ID_CATEGORY )  values ( 626 , 10 ) 
 insert  into WORKFLOW_CATEGORY_WORKFLOWS (WORKFLOWS_ID_WORKFLOW , WORKFLOW_CATEGORY_ID_CATEGORY )  values ( 384 , 4 ) 
 insert  into WORKFLOW_CATEGORY_WORKFLOWS (WORKFLOWS_ID_WORKFLOW , WORKFLOW_CATEGORY_ID_CATEGORY )  values ( 40 , 13 ) 
 insert  into WORKFLOW_CATEGORY_WORKFLOWS (WORKFLOWS_ID_WORKFLOW , WORKFLOW_CATEGORY_ID_CATEGORY )  values ( 415 , 14 ) 
 insert  into WORKFLOW_CATEGORY_WORKFLOWS (WORKFLOWS_ID_WORKFLOW , WORKFLOW_CATEGORY_ID_CATEGORY )  values ( 187 , 13 ) 
 insert  into WORKFLOW_CATEGORY_WORKFLOWS (WORKFLOWS_ID_WORKFLOW , WORKFLOW_CATEGORY_ID_CATEGORY )  values ( 401 , 14 ) 
 insert  into WORKFLOW_CATEGORY_WORKFLOWS (WORKFLOWS_ID_WORKFLOW , WORKFLOW_CATEGORY_ID_CATEGORY )  values ( 244 , 6 ) 
 insert  into WORKFLOW_CATEGORY_WORKFLOWS (WORKFLOWS_ID_WORKFLOW , WORKFLOW_CATEGORY_ID_CATEGORY )  values ( 14 , 8 ) 
 insert  into WORKFLOW_CATEGORY_WORKFLOWS (WORKFLOWS_ID_WORKFLOW , WORKFLOW_CATEGORY_ID_CATEGORY )  values ( 131 , 12 ) 
 insert  into WORKFLOW_CATEGORY_WORKFLOWS (WORKFLOWS_ID_WORKFLOW , WORKFLOW_CATEGORY_ID_CATEGORY )  values ( 331 , 4 ) 
 insert  into WORKFLOW_CATEGORY_WORKFLOWS (WORKFLOWS_ID_WORKFLOW , WORKFLOW_CATEGORY_ID_CATEGORY )  values ( 509 , 16 ) 
 insert  into WORKFLOW_CATEGORY_WORKFLOWS (WORKFLOWS_ID_WORKFLOW , WORKFLOW_CATEGORY_ID_CATEGORY )  values ( 406 , 7 ) 
 insert  into WORKFLOW_CATEGORY_WORKFLOWS (WORKFLOWS_ID_WORKFLOW , WORKFLOW_CATEGORY_ID_CATEGORY )  values ( 626 , 3 ) 
 insert  into WORKFLOW_CATEGORY_WORKFLOWS (WORKFLOWS_ID_WORKFLOW , WORKFLOW_CATEGORY_ID_CATEGORY )  values ( 116 , 11 ) 
 insert  into WORKFLOW_CATEGORY_WORKFLOWS (WORKFLOWS_ID_WORKFLOW , WORKFLOW_CATEGORY_ID_CATEGORY )  values ( 314 , 8 ) 
 insert  into WORKFLOW_CATEGORY_WORKFLOWS (WORKFLOWS_ID_WORKFLOW , WORKFLOW_CATEGORY_ID_CATEGORY )  values ( 185 , 5 ) 
 insert  into WORKFLOW_CATEGORY_WORKFLOWS (WORKFLOWS_ID_WORKFLOW , WORKFLOW_CATEGORY_ID_CATEGORY )  values ( 98 , 12 ) 
 insert  into WORKFLOW_CATEGORY_WORKFLOWS (WORKFLOWS_ID_WORKFLOW , WORKFLOW_CATEGORY_ID_CATEGORY )  values ( 328 , 1 ) 
 insert  into WORKFLOW_CATEGORY_WORKFLOWS (WORKFLOWS_ID_WORKFLOW , WORKFLOW_CATEGORY_ID_CATEGORY )  values ( 165 , 3 ) 
 insert  into WORKFLOW_CATEGORY_WORKFLOWS (WORKFLOWS_ID_WORKFLOW , WORKFLOW_CATEGORY_ID_CATEGORY )  values ( 115 , 3 ) 
 insert  into WORKFLOW_CATEGORY_WORKFLOWS (WORKFLOWS_ID_WORKFLOW , WORKFLOW_CATEGORY_ID_CATEGORY )  values ( 307 , 10 ) 
 insert  into WORKFLOW_CATEGORY_WORKFLOWS (WORKFLOWS_ID_WORKFLOW , WORKFLOW_CATEGORY_ID_CATEGORY )  values ( 137 , 4 ) 
 insert  into WORKFLOW_CATEGORY_WORKFLOWS (WORKFLOWS_ID_WORKFLOW , WORKFLOW_CATEGORY_ID_CATEGORY )  values ( 300 , 11 ) 
 insert  into WORKFLOW_CATEGORY_WORKFLOWS (WORKFLOWS_ID_WORKFLOW , WORKFLOW_CATEGORY_ID_CATEGORY )  values ( 158 , 3 ) 
 insert  into WORKFLOW_CATEGORY_WORKFLOWS (WORKFLOWS_ID_WORKFLOW , WORKFLOW_CATEGORY_ID_CATEGORY )  values ( 560 , 12 ) 
 insert  into WORKFLOW_CATEGORY_WORKFLOWS (WORKFLOWS_ID_WORKFLOW , WORKFLOW_CATEGORY_ID_CATEGORY )  values ( 440 , 2 ) 
 insert  into WORKFLOW_CATEGORY_WORKFLOWS (WORKFLOWS_ID_WORKFLOW , WORKFLOW_CATEGORY_ID_CATEGORY )  values ( 682 , 17 ) 
 insert  into WORKFLOW_CATEGORY_WORKFLOWS (WORKFLOWS_ID_WORKFLOW , WORKFLOW_CATEGORY_ID_CATEGORY )  values ( 21 , 8 ) 
 insert  into WORKFLOW_CATEGORY_WORKFLOWS (WORKFLOWS_ID_WORKFLOW , WORKFLOW_CATEGORY_ID_CATEGORY )  values ( 488 , 5 ) 
 insert  into WORKFLOW_CATEGORY_WORKFLOWS (WORKFLOWS_ID_WORKFLOW , WORKFLOW_CATEGORY_ID_CATEGORY )  values ( 506 , 16 ) 
 insert  into WORKFLOW_CATEGORY_WORKFLOWS (WORKFLOWS_ID_WORKFLOW , WORKFLOW_CATEGORY_ID_CATEGORY )  values ( 106 , 16 ) 
 insert  into WORKFLOW_CATEGORY_WORKFLOWS (WORKFLOWS_ID_WORKFLOW , WORKFLOW_CATEGORY_ID_CATEGORY )  values ( 54 , 8 ) 
 insert  into WORKFLOW_CATEGORY_WORKFLOWS (WORKFLOWS_ID_WORKFLOW , WORKFLOW_CATEGORY_ID_CATEGORY )  values ( 225 , 9 ) 
 insert  into WORKFLOW_CATEGORY_WORKFLOWS (WORKFLOWS_ID_WORKFLOW , WORKFLOW_CATEGORY_ID_CATEGORY )  values ( 461 , 5 ) 
 insert  into WORKFLOW_CATEGORY_WORKFLOWS (WORKFLOWS_ID_WORKFLOW , WORKFLOW_CATEGORY_ID_CATEGORY )  values ( 120 , 16 ) 
 insert  into WORKFLOW_CATEGORY_WORKFLOWS (WORKFLOWS_ID_WORKFLOW , WORKFLOW_CATEGORY_ID_CATEGORY )  values ( 216 , 12 ) 
 insert  into WORKFLOW_CATEGORY_WORKFLOWS (WORKFLOWS_ID_WORKFLOW , WORKFLOW_CATEGORY_ID_CATEGORY )  values ( 288 , 11 ) 
 insert  into WORKFLOW_CATEGORY_WORKFLOWS (WORKFLOWS_ID_WORKFLOW , WORKFLOW_CATEGORY_ID_CATEGORY )  values ( 390 , 4 ) 
 insert  into WORKFLOW_CATEGORY_WORKFLOWS (WORKFLOWS_ID_WORKFLOW , WORKFLOW_CATEGORY_ID_CATEGORY )  values ( 80 , 1 ) 
 insert  into WORKFLOW_CATEGORY_WORKFLOWS (WORKFLOWS_ID_WORKFLOW , WORKFLOW_CATEGORY_ID_CATEGORY )  values ( 566 , 11 ) 
 insert  into WORKFLOW_CATEGORY_WORKFLOWS (WORKFLOWS_ID_WORKFLOW , WORKFLOW_CATEGORY_ID_CATEGORY )  values ( 134 , 10 ) 
 insert  into WORKFLOW_CATEGORY_WORKFLOWS (WORKFLOWS_ID_WORKFLOW , WORKFLOW_CATEGORY_ID_CATEGORY )  values ( 343 , 17 ) 
 insert  into WORKFLOW_CATEGORY_WORKFLOWS (WORKFLOWS_ID_WORKFLOW , WORKFLOW_CATEGORY_ID_CATEGORY )  values ( 572 , 17 ) 
 insert  into WORKFLOW_CATEGORY_WORKFLOWS (WORKFLOWS_ID_WORKFLOW , WORKFLOW_CATEGORY_ID_CATEGORY )  values ( 654 , 15 ) 
 insert  into WORKFLOW_CATEGORY_WORKFLOWS (WORKFLOWS_ID_WORKFLOW , WORKFLOW_CATEGORY_ID_CATEGORY )  values ( 133 , 17 ) 
 insert  into WORKFLOW_CATEGORY_WORKFLOWS (WORKFLOWS_ID_WORKFLOW , WORKFLOW_CATEGORY_ID_CATEGORY )  values ( 71 , 10 ) 
 insert  into WORKFLOW_CATEGORY_WORKFLOWS (WORKFLOWS_ID_WORKFLOW , WORKFLOW_CATEGORY_ID_CATEGORY )  values ( 446 , 14 ) 
 insert  into WORKFLOW_CATEGORY_WORKFLOWS (WORKFLOWS_ID_WORKFLOW , WORKFLOW_CATEGORY_ID_CATEGORY )  values ( 247 , 9 ) 
 insert  into WORKFLOW_CATEGORY_WORKFLOWS (WORKFLOWS_ID_WORKFLOW , WORKFLOW_CATEGORY_ID_CATEGORY )  values ( 692 , 16 ) 
 insert  into WORKFLOW_CATEGORY_WORKFLOWS (WORKFLOWS_ID_WORKFLOW , WORKFLOW_CATEGORY_ID_CATEGORY )  values ( 325 , 12 ) 
 insert  into WORKFLOW_CATEGORY_WORKFLOWS (WORKFLOWS_ID_WORKFLOW , WORKFLOW_CATEGORY_ID_CATEGORY )  values ( 463 , 3 ) 
 insert  into WORKFLOW_CATEGORY_WORKFLOWS (WORKFLOWS_ID_WORKFLOW , WORKFLOW_CATEGORY_ID_CATEGORY )  values ( 134 , 13 ) 
 insert  into WORKFLOW_CATEGORY_WORKFLOWS (WORKFLOWS_ID_WORKFLOW , WORKFLOW_CATEGORY_ID_CATEGORY )  values ( 3 , 16 ) 
 insert  into WORKFLOW_CATEGORY_WORKFLOWS (WORKFLOWS_ID_WORKFLOW , WORKFLOW_CATEGORY_ID_CATEGORY )  values ( 656 , 16 ) 
 insert  into WORKFLOW_CATEGORY_WORKFLOWS (WORKFLOWS_ID_WORKFLOW , WORKFLOW_CATEGORY_ID_CATEGORY )  values ( 450 , 17 ) 
 insert  into WORKFLOW_CATEGORY_WORKFLOWS (WORKFLOWS_ID_WORKFLOW , WORKFLOW_CATEGORY_ID_CATEGORY )  values ( 84 , 9 ) 
 insert  into WORKFLOW_CATEGORY_WORKFLOWS (WORKFLOWS_ID_WORKFLOW , WORKFLOW_CATEGORY_ID_CATEGORY )  values ( 410 , 14 ) 
 insert  into WORKFLOW_CATEGORY_WORKFLOWS (WORKFLOWS_ID_WORKFLOW , WORKFLOW_CATEGORY_ID_CATEGORY )  values ( 614 , 15 ) 
 insert  into WORKFLOW_CATEGORY_WORKFLOWS (WORKFLOWS_ID_WORKFLOW , WORKFLOW_CATEGORY_ID_CATEGORY )  values ( 202 , 2 ) 
 insert  into WORKFLOW_CATEGORY_WORKFLOWS (WORKFLOWS_ID_WORKFLOW , WORKFLOW_CATEGORY_ID_CATEGORY )  values ( 45 , 3 ) 
 insert  into WORKFLOW_CATEGORY_WORKFLOWS (WORKFLOWS_ID_WORKFLOW , WORKFLOW_CATEGORY_ID_CATEGORY )  values ( 94 , 11 ) 
 insert  into WORKFLOW_CATEGORY_WORKFLOWS (WORKFLOWS_ID_WORKFLOW , WORKFLOW_CATEGORY_ID_CATEGORY )  values ( 410 , 6 ) 
 insert  into WORKFLOW_CATEGORY_WORKFLOWS (WORKFLOWS_ID_WORKFLOW , WORKFLOW_CATEGORY_ID_CATEGORY )  values ( 90 , 4 ) 
 insert  into WORKFLOW_CATEGORY_WORKFLOWS (WORKFLOWS_ID_WORKFLOW , WORKFLOW_CATEGORY_ID_CATEGORY )  values ( 53 , 11 ) 
 insert  into WORKFLOW_CATEGORY_WORKFLOWS (WORKFLOWS_ID_WORKFLOW , WORKFLOW_CATEGORY_ID_CATEGORY )  values ( 239 , 5 ) 
 insert  into WORKFLOW_CATEGORY_WORKFLOWS (WORKFLOWS_ID_WORKFLOW , WORKFLOW_CATEGORY_ID_CATEGORY )  values ( 309 , 2 ) 
 insert  into WORKFLOW_CATEGORY_WORKFLOWS (WORKFLOWS_ID_WORKFLOW , WORKFLOW_CATEGORY_ID_CATEGORY )  values ( 398 , 12 ) 
 insert  into WORKFLOW_CATEGORY_WORKFLOWS (WORKFLOWS_ID_WORKFLOW , WORKFLOW_CATEGORY_ID_CATEGORY )  values ( 258 , 13 ) 
 insert  into WORKFLOW_CATEGORY_WORKFLOWS (WORKFLOWS_ID_WORKFLOW , WORKFLOW_CATEGORY_ID_CATEGORY )  values ( 583 , 3 ) 
 insert  into WORKFLOW_CATEGORY_WORKFLOWS (WORKFLOWS_ID_WORKFLOW , WORKFLOW_CATEGORY_ID_CATEGORY )  values ( 141 , 5 ) 
 insert  into WORKFLOW_CATEGORY_WORKFLOWS (WORKFLOWS_ID_WORKFLOW , WORKFLOW_CATEGORY_ID_CATEGORY )  values ( 476 , 10 ) 
 insert  into WORKFLOW_CATEGORY_WORKFLOWS (WORKFLOWS_ID_WORKFLOW , WORKFLOW_CATEGORY_ID_CATEGORY )  values ( 406 , 17 ) 
 insert  into WORKFLOW_CATEGORY_WORKFLOWS (WORKFLOWS_ID_WORKFLOW , WORKFLOW_CATEGORY_ID_CATEGORY )  values ( 383 , 17 ) 
 insert  into WORKFLOW_CATEGORY_WORKFLOWS (WORKFLOWS_ID_WORKFLOW , WORKFLOW_CATEGORY_ID_CATEGORY )  values ( 223 , 7 ) 
 insert  into WORKFLOW_CATEGORY_WORKFLOWS (WORKFLOWS_ID_WORKFLOW , WORKFLOW_CATEGORY_ID_CATEGORY )  values ( 590 , 12 ) 
 insert  into WORKFLOW_CATEGORY_WORKFLOWS (WORKFLOWS_ID_WORKFLOW , WORKFLOW_CATEGORY_ID_CATEGORY )  values ( 490 , 14 ) 
 insert  into WORKFLOW_CATEGORY_WORKFLOWS (WORKFLOWS_ID_WORKFLOW , WORKFLOW_CATEGORY_ID_CATEGORY )  values ( 227 , 3 ) 
 insert  into WORKFLOW_CATEGORY_WORKFLOWS (WORKFLOWS_ID_WORKFLOW , WORKFLOW_CATEGORY_ID_CATEGORY )  values ( 72 , 4 ) 
 insert  into WORKFLOW_CATEGORY_WORKFLOWS (WORKFLOWS_ID_WORKFLOW , WORKFLOW_CATEGORY_ID_CATEGORY )  values ( 599 , 1 ) 
 insert  into WORKFLOW_CATEGORY_WORKFLOWS (WORKFLOWS_ID_WORKFLOW , WORKFLOW_CATEGORY_ID_CATEGORY )  values ( 677 , 2 ) 
 insert  into WORKFLOW_CATEGORY_WORKFLOWS (WORKFLOWS_ID_WORKFLOW , WORKFLOW_CATEGORY_ID_CATEGORY )  values ( 501 , 2 ) 
 insert  into WORKFLOW_CATEGORY_WORKFLOWS (WORKFLOWS_ID_WORKFLOW , WORKFLOW_CATEGORY_ID_CATEGORY )  values ( 148 , 1 ) 
 insert  into WORKFLOW_CATEGORY_WORKFLOWS (WORKFLOWS_ID_WORKFLOW , WORKFLOW_CATEGORY_ID_CATEGORY )  values ( 325 , 15 ) 
 insert  into WORKFLOW_CATEGORY_WORKFLOWS (WORKFLOWS_ID_WORKFLOW , WORKFLOW_CATEGORY_ID_CATEGORY )  values ( 105 , 4 ) 
 insert  into WORKFLOW_CATEGORY_WORKFLOWS (WORKFLOWS_ID_WORKFLOW , WORKFLOW_CATEGORY_ID_CATEGORY )  values ( 481 , 15 ) 
 insert  into WORKFLOW_CATEGORY_WORKFLOWS (WORKFLOWS_ID_WORKFLOW , WORKFLOW_CATEGORY_ID_CATEGORY )  values ( 517 , 6 ) 
 insert  into WORKFLOW_CATEGORY_WORKFLOWS (WORKFLOWS_ID_WORKFLOW , WORKFLOW_CATEGORY_ID_CATEGORY )  values ( 268 , 9 ) 
 insert  into WORKFLOW_CATEGORY_WORKFLOWS (WORKFLOWS_ID_WORKFLOW , WORKFLOW_CATEGORY_ID_CATEGORY )  values ( 349 , 12 ) 
 insert  into WORKFLOW_CATEGORY_WORKFLOWS (WORKFLOWS_ID_WORKFLOW , WORKFLOW_CATEGORY_ID_CATEGORY )  values ( 423 , 10 ) 
 insert  into WORKFLOW_CATEGORY_WORKFLOWS (WORKFLOWS_ID_WORKFLOW , WORKFLOW_CATEGORY_ID_CATEGORY )  values ( 533 , 6 ) 
 insert  into WORKFLOW_CATEGORY_WORKFLOWS (WORKFLOWS_ID_WORKFLOW , WORKFLOW_CATEGORY_ID_CATEGORY )  values ( 24 , 12 ) 
 insert  into WORKFLOW_CATEGORY_WORKFLOWS (WORKFLOWS_ID_WORKFLOW , WORKFLOW_CATEGORY_ID_CATEGORY )  values ( 10 , 2 ) 
 insert  into WORKFLOW_CATEGORY_WORKFLOWS (WORKFLOWS_ID_WORKFLOW , WORKFLOW_CATEGORY_ID_CATEGORY )  values ( 354 , 12 ) 
 insert  into WORKFLOW_CATEGORY_WORKFLOWS (WORKFLOWS_ID_WORKFLOW , WORKFLOW_CATEGORY_ID_CATEGORY )  values ( 669 , 10 ) 
 insert  into WORKFLOW_CATEGORY_WORKFLOWS (WORKFLOWS_ID_WORKFLOW , WORKFLOW_CATEGORY_ID_CATEGORY )  values ( 115 , 14 ) 
 insert  into WORKFLOW_CATEGORY_WORKFLOWS (WORKFLOWS_ID_WORKFLOW , WORKFLOW_CATEGORY_ID_CATEGORY )  values ( 411 , 8 ) 
 insert  into WORKFLOW_CATEGORY_WORKFLOWS (WORKFLOWS_ID_WORKFLOW , WORKFLOW_CATEGORY_ID_CATEGORY )  values ( 600 , 7 ) 
 insert  into WORKFLOW_CATEGORY_WORKFLOWS (WORKFLOWS_ID_WORKFLOW , WORKFLOW_CATEGORY_ID_CATEGORY )  values ( 4 , 10 ) 
 insert  into WORKFLOW_CATEGORY_WORKFLOWS (WORKFLOWS_ID_WORKFLOW , WORKFLOW_CATEGORY_ID_CATEGORY )  values ( 397 , 9 ) 
 insert  into WORKFLOW_CATEGORY_WORKFLOWS (WORKFLOWS_ID_WORKFLOW , WORKFLOW_CATEGORY_ID_CATEGORY )  values ( 638 , 4 ) 
 insert  into WORKFLOW_CATEGORY_WORKFLOWS (WORKFLOWS_ID_WORKFLOW , WORKFLOW_CATEGORY_ID_CATEGORY )  values ( 110 , 10 ) 
 insert  into WORKFLOW_CATEGORY_WORKFLOWS (WORKFLOWS_ID_WORKFLOW , WORKFLOW_CATEGORY_ID_CATEGORY )  values ( 526 , 3 ) 
 insert  into WORKFLOW_CATEGORY_WORKFLOWS (WORKFLOWS_ID_WORKFLOW , WORKFLOW_CATEGORY_ID_CATEGORY )  values ( 348 , 12 ) 
 insert  into WORKFLOW_CATEGORY_WORKFLOWS (WORKFLOWS_ID_WORKFLOW , WORKFLOW_CATEGORY_ID_CATEGORY )  values ( 146 , 12 ) 
 insert  into WORKFLOW_CATEGORY_WORKFLOWS (WORKFLOWS_ID_WORKFLOW , WORKFLOW_CATEGORY_ID_CATEGORY )  values ( 55 , 6 ) 
 insert  into WORKFLOW_CATEGORY_WORKFLOWS (WORKFLOWS_ID_WORKFLOW , WORKFLOW_CATEGORY_ID_CATEGORY )  values ( 255 , 12 ) 
 insert  into WORKFLOW_CATEGORY_WORKFLOWS (WORKFLOWS_ID_WORKFLOW , WORKFLOW_CATEGORY_ID_CATEGORY )  values ( 363 , 12 ) 
 insert  into WORKFLOW_CATEGORY_WORKFLOWS (WORKFLOWS_ID_WORKFLOW , WORKFLOW_CATEGORY_ID_CATEGORY )  values ( 113 , 4 ) 
 insert  into WORKFLOW_CATEGORY_WORKFLOWS (WORKFLOWS_ID_WORKFLOW , WORKFLOW_CATEGORY_ID_CATEGORY )  values ( 33 , 1 ) 
 insert  into WORKFLOW_CATEGORY_WORKFLOWS (WORKFLOWS_ID_WORKFLOW , WORKFLOW_CATEGORY_ID_CATEGORY )  values ( 646 , 16 ) 
 insert  into WORKFLOW_CATEGORY_WORKFLOWS (WORKFLOWS_ID_WORKFLOW , WORKFLOW_CATEGORY_ID_CATEGORY )  values ( 595 , 15 ) 
 insert  into WORKFLOW_CATEGORY_WORKFLOWS (WORKFLOWS_ID_WORKFLOW , WORKFLOW_CATEGORY_ID_CATEGORY )  values ( 434 , 17 ) 
 insert  into WORKFLOW_CATEGORY_WORKFLOWS (WORKFLOWS_ID_WORKFLOW , WORKFLOW_CATEGORY_ID_CATEGORY )  values ( 300 , 8 ) 
 insert  into WORKFLOW_CATEGORY_WORKFLOWS (WORKFLOWS_ID_WORKFLOW , WORKFLOW_CATEGORY_ID_CATEGORY )  values ( 152 , 1 ) 
 insert  into WORKFLOW_CATEGORY_WORKFLOWS (WORKFLOWS_ID_WORKFLOW , WORKFLOW_CATEGORY_ID_CATEGORY )  values ( 344 , 7 ) 
 insert  into WORKFLOW_CATEGORY_WORKFLOWS (WORKFLOWS_ID_WORKFLOW , WORKFLOW_CATEGORY_ID_CATEGORY )  values ( 671 , 3 ) 
 insert  into WORKFLOW_CATEGORY_WORKFLOWS (WORKFLOWS_ID_WORKFLOW , WORKFLOW_CATEGORY_ID_CATEGORY )  values ( 498 , 13 ) 
 insert  into WORKFLOW_CATEGORY_WORKFLOWS (WORKFLOWS_ID_WORKFLOW , WORKFLOW_CATEGORY_ID_CATEGORY )  values ( 467 , 9 ) 
 insert  into WORKFLOW_CATEGORY_WORKFLOWS (WORKFLOWS_ID_WORKFLOW , WORKFLOW_CATEGORY_ID_CATEGORY )  values ( 446 , 15 ) 
 insert  into WORKFLOW_CATEGORY_WORKFLOWS (WORKFLOWS_ID_WORKFLOW , WORKFLOW_CATEGORY_ID_CATEGORY )  values ( 101 , 2 ) 
 insert  into WORKFLOW_CATEGORY_WORKFLOWS (WORKFLOWS_ID_WORKFLOW , WORKFLOW_CATEGORY_ID_CATEGORY )  values ( 259 , 10 ) 
 insert  into WORKFLOW_CATEGORY_WORKFLOWS (WORKFLOWS_ID_WORKFLOW , WORKFLOW_CATEGORY_ID_CATEGORY )  values ( 449 , 14 ) 
 insert  into WORKFLOW_CATEGORY_WORKFLOWS (WORKFLOWS_ID_WORKFLOW , WORKFLOW_CATEGORY_ID_CATEGORY )  values ( 146 , 10 ) 
 insert  into WORKFLOW_CATEGORY_WORKFLOWS (WORKFLOWS_ID_WORKFLOW , WORKFLOW_CATEGORY_ID_CATEGORY )  values ( 625 , 15 ) 
 insert  into WORKFLOW_CATEGORY_WORKFLOWS (WORKFLOWS_ID_WORKFLOW , WORKFLOW_CATEGORY_ID_CATEGORY )  values ( 212 , 12 ) 
 insert  into WORKFLOW_CATEGORY_WORKFLOWS (WORKFLOWS_ID_WORKFLOW , WORKFLOW_CATEGORY_ID_CATEGORY )  values ( 427 , 9 ) 
 insert  into WORKFLOW_CATEGORY_WORKFLOWS (WORKFLOWS_ID_WORKFLOW , WORKFLOW_CATEGORY_ID_CATEGORY )  values ( 349 , 11 ) 
 insert  into WORKFLOW_CATEGORY_WORKFLOWS (WORKFLOWS_ID_WORKFLOW , WORKFLOW_CATEGORY_ID_CATEGORY )  values ( 358 , 5 ) 
 insert  into WORKFLOW_CATEGORY_WORKFLOWS (WORKFLOWS_ID_WORKFLOW , WORKFLOW_CATEGORY_ID_CATEGORY )  values ( 10 , 12 ) 
 insert  into WORKFLOW_CATEGORY_WORKFLOWS (WORKFLOWS_ID_WORKFLOW , WORKFLOW_CATEGORY_ID_CATEGORY )  values ( 604 , 6 ) 
 insert  into WORKFLOW_CATEGORY_WORKFLOWS (WORKFLOWS_ID_WORKFLOW , WORKFLOW_CATEGORY_ID_CATEGORY )  values ( 164 , 1 ) 
 insert  into WORKFLOW_CATEGORY_WORKFLOWS (WORKFLOWS_ID_WORKFLOW , WORKFLOW_CATEGORY_ID_CATEGORY )  values ( 663 , 16 ) 
 insert  into WORKFLOW_CATEGORY_WORKFLOWS (WORKFLOWS_ID_WORKFLOW , WORKFLOW_CATEGORY_ID_CATEGORY )  values ( 552 , 17 ) 
 insert  into WORKFLOW_CATEGORY_WORKFLOWS (WORKFLOWS_ID_WORKFLOW , WORKFLOW_CATEGORY_ID_CATEGORY )  values ( 415 , 2 ) 
 insert  into WORKFLOW_CATEGORY_WORKFLOWS (WORKFLOWS_ID_WORKFLOW , WORKFLOW_CATEGORY_ID_CATEGORY )  values ( 199 , 10 ) 
 insert  into WORKFLOW_CATEGORY_WORKFLOWS (WORKFLOWS_ID_WORKFLOW , WORKFLOW_CATEGORY_ID_CATEGORY )  values ( 435 , 17 ) 
 insert  into WORKFLOW_CATEGORY_WORKFLOWS (WORKFLOWS_ID_WORKFLOW , WORKFLOW_CATEGORY_ID_CATEGORY )  values ( 623 , 12 ) 
 insert  into WORKFLOW_CATEGORY_WORKFLOWS (WORKFLOWS_ID_WORKFLOW , WORKFLOW_CATEGORY_ID_CATEGORY )  values ( 662 , 8 ) 
 insert  into WORKFLOW_CATEGORY_WORKFLOWS (WORKFLOWS_ID_WORKFLOW , WORKFLOW_CATEGORY_ID_CATEGORY )  values ( 464 , 12 ) 
 insert  into WORKFLOW_CATEGORY_WORKFLOWS (WORKFLOWS_ID_WORKFLOW , WORKFLOW_CATEGORY_ID_CATEGORY )  values ( 348 , 16 ) 
 insert  into WORKFLOW_CATEGORY_WORKFLOWS (WORKFLOWS_ID_WORKFLOW , WORKFLOW_CATEGORY_ID_CATEGORY )  values ( 47 , 15 ) 
 insert  into WORKFLOW_CATEGORY_WORKFLOWS (WORKFLOWS_ID_WORKFLOW , WORKFLOW_CATEGORY_ID_CATEGORY )  values ( 267 , 11 ) 
 insert  into WORKFLOW_CATEGORY_WORKFLOWS (WORKFLOWS_ID_WORKFLOW , WORKFLOW_CATEGORY_ID_CATEGORY )  values ( 502 , 7 ) 
 insert  into WORKFLOW_CATEGORY_WORKFLOWS (WORKFLOWS_ID_WORKFLOW , WORKFLOW_CATEGORY_ID_CATEGORY )  values ( 585 , 9 ) 
 insert  into WORKFLOW_CATEGORY_WORKFLOWS (WORKFLOWS_ID_WORKFLOW , WORKFLOW_CATEGORY_ID_CATEGORY )  values ( 188 , 7 ) 
 insert  into WORKFLOW_CATEGORY_WORKFLOWS (WORKFLOWS_ID_WORKFLOW , WORKFLOW_CATEGORY_ID_CATEGORY )  values ( 391 , 17 ) 
 insert  into WORKFLOW_CATEGORY_WORKFLOWS (WORKFLOWS_ID_WORKFLOW , WORKFLOW_CATEGORY_ID_CATEGORY )  values ( 100 , 1 ) 
 insert  into WORKFLOW_CATEGORY_WORKFLOWS (WORKFLOWS_ID_WORKFLOW , WORKFLOW_CATEGORY_ID_CATEGORY )  values ( 347 , 13 ) 
 insert  into WORKFLOW_CATEGORY_WORKFLOWS (WORKFLOWS_ID_WORKFLOW , WORKFLOW_CATEGORY_ID_CATEGORY )  values ( 297 , 16 ) 
 insert  into WORKFLOW_CATEGORY_WORKFLOWS (WORKFLOWS_ID_WORKFLOW , WORKFLOW_CATEGORY_ID_CATEGORY )  values ( 268 , 11 ) 
 insert  into WORKFLOW_CATEGORY_WORKFLOWS (WORKFLOWS_ID_WORKFLOW , WORKFLOW_CATEGORY_ID_CATEGORY )  values ( 235 , 8 ) 
 insert  into WORKFLOW_CATEGORY_WORKFLOWS (WORKFLOWS_ID_WORKFLOW , WORKFLOW_CATEGORY_ID_CATEGORY )  values ( 309 , 1 ) 
 insert  into WORKFLOW_CATEGORY_WORKFLOWS (WORKFLOWS_ID_WORKFLOW , WORKFLOW_CATEGORY_ID_CATEGORY )  values ( 645 , 17 ) 
 insert  into WORKFLOW_CATEGORY_WORKFLOWS (WORKFLOWS_ID_WORKFLOW , WORKFLOW_CATEGORY_ID_CATEGORY )  values ( 288 , 2 ) 
 insert  into WORKFLOW_CATEGORY_WORKFLOWS (WORKFLOWS_ID_WORKFLOW , WORKFLOW_CATEGORY_ID_CATEGORY )  values ( 79 , 6 ) 
 insert  into WORKFLOW_CATEGORY_WORKFLOWS (WORKFLOWS_ID_WORKFLOW , WORKFLOW_CATEGORY_ID_CATEGORY )  values ( 474 , 6 ) 
 insert  into WORKFLOW_CATEGORY_WORKFLOWS (WORKFLOWS_ID_WORKFLOW , WORKFLOW_CATEGORY_ID_CATEGORY )  values ( 445 , 17 ) 
 insert  into WORKFLOW_CATEGORY_WORKFLOWS (WORKFLOWS_ID_WORKFLOW , WORKFLOW_CATEGORY_ID_CATEGORY )  values ( 631 , 11 ) 
 insert  into WORKFLOW_CATEGORY_WORKFLOWS (WORKFLOWS_ID_WORKFLOW , WORKFLOW_CATEGORY_ID_CATEGORY )  values ( 199 , 17 ) 
 insert  into WORKFLOW_CATEGORY_WORKFLOWS (WORKFLOWS_ID_WORKFLOW , WORKFLOW_CATEGORY_ID_CATEGORY )  values ( 566 , 5 ) 
 insert  into WORKFLOW_CATEGORY_WORKFLOWS (WORKFLOWS_ID_WORKFLOW , WORKFLOW_CATEGORY_ID_CATEGORY )  values ( 623 , 17 ) 
 insert  into WORKFLOW_CATEGORY_WORKFLOWS (WORKFLOWS_ID_WORKFLOW , WORKFLOW_CATEGORY_ID_CATEGORY )  values ( 40 , 3 ) 
 insert  into WORKFLOW_CATEGORY_WORKFLOWS (WORKFLOWS_ID_WORKFLOW , WORKFLOW_CATEGORY_ID_CATEGORY )  values ( 481 , 5 ) 
 insert  into WORKFLOW_CATEGORY_WORKFLOWS (WORKFLOWS_ID_WORKFLOW , WORKFLOW_CATEGORY_ID_CATEGORY )  values ( 555 , 7 ) 
 insert  into WORKFLOW_CATEGORY_WORKFLOWS (WORKFLOWS_ID_WORKFLOW , WORKFLOW_CATEGORY_ID_CATEGORY )  values ( 310 , 6 ) 
 insert  into WORKFLOW_CATEGORY_WORKFLOWS (WORKFLOWS_ID_WORKFLOW , WORKFLOW_CATEGORY_ID_CATEGORY )  values ( 165 , 7 ) 
 insert  into WORKFLOW_CATEGORY_WORKFLOWS (WORKFLOWS_ID_WORKFLOW , WORKFLOW_CATEGORY_ID_CATEGORY )  values ( 124 , 17 ) 
 insert  into WORKFLOW_CATEGORY_WORKFLOWS (WORKFLOWS_ID_WORKFLOW , WORKFLOW_CATEGORY_ID_CATEGORY )  values ( 501 , 1 ) 
 insert  into WORKFLOW_CATEGORY_WORKFLOWS (WORKFLOWS_ID_WORKFLOW , WORKFLOW_CATEGORY_ID_CATEGORY )  values ( 455 , 16 ) 
 insert  into WORKFLOW_CATEGORY_WORKFLOWS (WORKFLOWS_ID_WORKFLOW , WORKFLOW_CATEGORY_ID_CATEGORY )  values ( 212 , 15 ) 
 insert  into WORKFLOW_CATEGORY_WORKFLOWS (WORKFLOWS_ID_WORKFLOW , WORKFLOW_CATEGORY_ID_CATEGORY )  values ( 633 , 5 ) 
 insert  into WORKFLOW_CATEGORY_WORKFLOWS (WORKFLOWS_ID_WORKFLOW , WORKFLOW_CATEGORY_ID_CATEGORY )  values ( 651 , 12 ) 
 insert  into WORKFLOW_CATEGORY_WORKFLOWS (WORKFLOWS_ID_WORKFLOW , WORKFLOW_CATEGORY_ID_CATEGORY )  values ( 40 , 8 ) 
 insert  into WORKFLOW_CATEGORY_WORKFLOWS (WORKFLOWS_ID_WORKFLOW , WORKFLOW_CATEGORY_ID_CATEGORY )  values ( 130 , 7 ) 
 insert  into WORKFLOW_CATEGORY_WORKFLOWS (WORKFLOWS_ID_WORKFLOW , WORKFLOW_CATEGORY_ID_CATEGORY )  values ( 180 , 7 ) 
 insert  into WORKFLOW_CATEGORY_WORKFLOWS (WORKFLOWS_ID_WORKFLOW , WORKFLOW_CATEGORY_ID_CATEGORY )  values ( 241 , 1 ) 
 insert  into WORKFLOW_CATEGORY_WORKFLOWS (WORKFLOWS_ID_WORKFLOW , WORKFLOW_CATEGORY_ID_CATEGORY )  values ( 107 , 11 ) 
 insert  into WORKFLOW_CATEGORY_WORKFLOWS (WORKFLOWS_ID_WORKFLOW , WORKFLOW_CATEGORY_ID_CATEGORY )  values ( 695 , 4 ) 
 insert  into WORKFLOW_CATEGORY_WORKFLOWS (WORKFLOWS_ID_WORKFLOW , WORKFLOW_CATEGORY_ID_CATEGORY )  values ( 339 , 13 ) 
 insert  into WORKFLOW_CATEGORY_WORKFLOWS (WORKFLOWS_ID_WORKFLOW , WORKFLOW_CATEGORY_ID_CATEGORY )  values ( 389 , 5 ) 
 insert  into WORKFLOW_CATEGORY_WORKFLOWS (WORKFLOWS_ID_WORKFLOW , WORKFLOW_CATEGORY_ID_CATEGORY )  values ( 311 , 7 ) 
 insert  into WORKFLOW_CATEGORY_WORKFLOWS (WORKFLOWS_ID_WORKFLOW , WORKFLOW_CATEGORY_ID_CATEGORY )  values ( 274 , 15 ) 
 insert  into WORKFLOW_CATEGORY_WORKFLOWS (WORKFLOWS_ID_WORKFLOW , WORKFLOW_CATEGORY_ID_CATEGORY )  values ( 195 , 5 ) 
 insert  into WORKFLOW_CATEGORY_WORKFLOWS (WORKFLOWS_ID_WORKFLOW , WORKFLOW_CATEGORY_ID_CATEGORY )  values ( 466 , 16 ) 
 insert  into WORKFLOW_CATEGORY_WORKFLOWS (WORKFLOWS_ID_WORKFLOW , WORKFLOW_CATEGORY_ID_CATEGORY )  values ( 108 , 3 ) 
 insert  into WORKFLOW_CATEGORY_WORKFLOWS (WORKFLOWS_ID_WORKFLOW , WORKFLOW_CATEGORY_ID_CATEGORY )  values ( 67 , 5 ) 
 insert  into WORKFLOW_CATEGORY_WORKFLOWS (WORKFLOWS_ID_WORKFLOW , WORKFLOW_CATEGORY_ID_CATEGORY )  values ( 529 , 2 ) 
 insert  into WORKFLOW_CATEGORY_WORKFLOWS (WORKFLOWS_ID_WORKFLOW , WORKFLOW_CATEGORY_ID_CATEGORY )  values ( 535 , 17 ) 
 insert  into WORKFLOW_CATEGORY_WORKFLOWS (WORKFLOWS_ID_WORKFLOW , WORKFLOW_CATEGORY_ID_CATEGORY )  values ( 118 , 6 ) 
 insert  into WORKFLOW_CATEGORY_WORKFLOWS (WORKFLOWS_ID_WORKFLOW , WORKFLOW_CATEGORY_ID_CATEGORY )  values ( 477 , 10 ) 
 insert  into WORKFLOW_CATEGORY_WORKFLOWS (WORKFLOWS_ID_WORKFLOW , WORKFLOW_CATEGORY_ID_CATEGORY )  values ( 405 , 15 ) 
 insert  into WORKFLOW_CATEGORY_WORKFLOWS (WORKFLOWS_ID_WORKFLOW , WORKFLOW_CATEGORY_ID_CATEGORY )  values ( 285 , 1 ) 
 insert  into WORKFLOW_CATEGORY_WORKFLOWS (WORKFLOWS_ID_WORKFLOW , WORKFLOW_CATEGORY_ID_CATEGORY )  values ( 44 , 16 ) 
 insert  into WORKFLOW_CATEGORY_WORKFLOWS (WORKFLOWS_ID_WORKFLOW , WORKFLOW_CATEGORY_ID_CATEGORY )  values ( 73 , 1 ) 
 insert  into WORKFLOW_CATEGORY_WORKFLOWS (WORKFLOWS_ID_WORKFLOW , WORKFLOW_CATEGORY_ID_CATEGORY )  values ( 115 , 15 ) 
 insert  into WORKFLOW_CATEGORY_WORKFLOWS (WORKFLOWS_ID_WORKFLOW , WORKFLOW_CATEGORY_ID_CATEGORY )  values ( 415 , 6 ) 
 insert  into WORKFLOW_CATEGORY_WORKFLOWS (WORKFLOWS_ID_WORKFLOW , WORKFLOW_CATEGORY_ID_CATEGORY )  values ( 229 , 16 ) 
 insert  into WORKFLOW_CATEGORY_WORKFLOWS (WORKFLOWS_ID_WORKFLOW , WORKFLOW_CATEGORY_ID_CATEGORY )  values ( 411 , 11 ) 
 insert  into WORKFLOW_CATEGORY_WORKFLOWS (WORKFLOWS_ID_WORKFLOW , WORKFLOW_CATEGORY_ID_CATEGORY )  values ( 173 , 11 ) 
 insert  into WORKFLOW_CATEGORY_WORKFLOWS (WORKFLOWS_ID_WORKFLOW , WORKFLOW_CATEGORY_ID_CATEGORY )  values ( 36 , 15 ) 
 insert  into WORKFLOW_CATEGORY_WORKFLOWS (WORKFLOWS_ID_WORKFLOW , WORKFLOW_CATEGORY_ID_CATEGORY )  values ( 74 , 10 ) 
 insert  into WORKFLOW_CATEGORY_WORKFLOWS (WORKFLOWS_ID_WORKFLOW , WORKFLOW_CATEGORY_ID_CATEGORY )  values ( 564 , 16 ) 
 insert  into WORKFLOW_CATEGORY_WORKFLOWS (WORKFLOWS_ID_WORKFLOW , WORKFLOW_CATEGORY_ID_CATEGORY )  values ( 151 , 17 ) 
 insert  into WORKFLOW_CATEGORY_WORKFLOWS (WORKFLOWS_ID_WORKFLOW , WORKFLOW_CATEGORY_ID_CATEGORY )  values ( 590 , 16 ) 
 insert  into WORKFLOW_CATEGORY_WORKFLOWS (WORKFLOWS_ID_WORKFLOW , WORKFLOW_CATEGORY_ID_CATEGORY )  values ( 348 , 2 ) 
 insert  into WORKFLOW_CATEGORY_WORKFLOWS (WORKFLOWS_ID_WORKFLOW , WORKFLOW_CATEGORY_ID_CATEGORY )  values ( 689 , 14 ) 
 insert  into WORKFLOW_CATEGORY_WORKFLOWS (WORKFLOWS_ID_WORKFLOW , WORKFLOW_CATEGORY_ID_CATEGORY )  values ( 420 , 2 ) 
 insert  into WORKFLOW_CATEGORY_WORKFLOWS (WORKFLOWS_ID_WORKFLOW , WORKFLOW_CATEGORY_ID_CATEGORY )  values ( 220 , 10 ) 
 insert  into WORKFLOW_CATEGORY_WORKFLOWS (WORKFLOWS_ID_WORKFLOW , WORKFLOW_CATEGORY_ID_CATEGORY )  values ( 657 , 14 ) 
 insert  into WORKFLOW_CATEGORY_WORKFLOWS (WORKFLOWS_ID_WORKFLOW , WORKFLOW_CATEGORY_ID_CATEGORY )  values ( 259 , 3 ) 
 insert  into WORKFLOW_CATEGORY_WORKFLOWS (WORKFLOWS_ID_WORKFLOW , WORKFLOW_CATEGORY_ID_CATEGORY )  values ( 631 , 16 ) 
 insert  into WORKFLOW_CATEGORY_WORKFLOWS (WORKFLOWS_ID_WORKFLOW , WORKFLOW_CATEGORY_ID_CATEGORY )  values ( 146 , 17 ) 
 insert  into WORKFLOW_CATEGORY_WORKFLOWS (WORKFLOWS_ID_WORKFLOW , WORKFLOW_CATEGORY_ID_CATEGORY )  values ( 655 , 10 ) 
 insert  into WORKFLOW_CATEGORY_WORKFLOWS (WORKFLOWS_ID_WORKFLOW , WORKFLOW_CATEGORY_ID_CATEGORY )  values ( 108 , 11 ) 
 insert  into WORKFLOW_CATEGORY_WORKFLOWS (WORKFLOWS_ID_WORKFLOW , WORKFLOW_CATEGORY_ID_CATEGORY )  values ( 415 , 15 ) 
 insert  into WORKFLOW_CATEGORY_WORKFLOWS (WORKFLOWS_ID_WORKFLOW , WORKFLOW_CATEGORY_ID_CATEGORY )  values ( 578 , 15 ) 
 insert  into WORKFLOW_CATEGORY_WORKFLOWS (WORKFLOWS_ID_WORKFLOW , WORKFLOW_CATEGORY_ID_CATEGORY )  values ( 157 , 12 ) 
 insert  into WORKFLOW_CATEGORY_WORKFLOWS (WORKFLOWS_ID_WORKFLOW , WORKFLOW_CATEGORY_ID_CATEGORY )  values ( 264 , 5 ) 
 insert  into WORKFLOW_CATEGORY_WORKFLOWS (WORKFLOWS_ID_WORKFLOW , WORKFLOW_CATEGORY_ID_CATEGORY )  values ( 55 , 9 ) 
 insert  into WORKFLOW_CATEGORY_WORKFLOWS (WORKFLOWS_ID_WORKFLOW , WORKFLOW_CATEGORY_ID_CATEGORY )  values ( 200 , 13 ) 
 insert  into WORKFLOW_CATEGORY_WORKFLOWS (WORKFLOWS_ID_WORKFLOW , WORKFLOW_CATEGORY_ID_CATEGORY )  values ( 329 , 14 ) 
 insert  into WORKFLOW_CATEGORY_WORKFLOWS (WORKFLOWS_ID_WORKFLOW , WORKFLOW_CATEGORY_ID_CATEGORY )  values ( 358 , 7 ) 
 insert  into WORKFLOW_CATEGORY_WORKFLOWS (WORKFLOWS_ID_WORKFLOW , WORKFLOW_CATEGORY_ID_CATEGORY )  values ( 608 , 9 ) 
 insert  into WORKFLOW_CATEGORY_WORKFLOWS (WORKFLOWS_ID_WORKFLOW , WORKFLOW_CATEGORY_ID_CATEGORY )  values ( 697 , 5 ) 
 insert  into WORKFLOW_CATEGORY_WORKFLOWS (WORKFLOWS_ID_WORKFLOW , WORKFLOW_CATEGORY_ID_CATEGORY )  values ( 184 , 12 ) 
 insert  into WORKFLOW_CATEGORY_WORKFLOWS (WORKFLOWS_ID_WORKFLOW , WORKFLOW_CATEGORY_ID_CATEGORY )  values ( 382 , 3 ) 
 insert  into WORKFLOW_CATEGORY_WORKFLOWS (WORKFLOWS_ID_WORKFLOW , WORKFLOW_CATEGORY_ID_CATEGORY )  values ( 650 , 17 ) 
 insert  into WORKFLOW_CATEGORY_WORKFLOWS (WORKFLOWS_ID_WORKFLOW , WORKFLOW_CATEGORY_ID_CATEGORY )  values ( 524 , 6 ) 
 insert  into WORKFLOW_CATEGORY_WORKFLOWS (WORKFLOWS_ID_WORKFLOW , WORKFLOW_CATEGORY_ID_CATEGORY )  values ( 107 , 7 ) 
 insert  into WORKFLOW_CATEGORY_WORKFLOWS (WORKFLOWS_ID_WORKFLOW , WORKFLOW_CATEGORY_ID_CATEGORY )  values ( 414 , 15 ) 
 insert  into WORKFLOW_CATEGORY_WORKFLOWS (WORKFLOWS_ID_WORKFLOW , WORKFLOW_CATEGORY_ID_CATEGORY )  values ( 585 , 3 ) 
 insert  into WORKFLOW_CATEGORY_WORKFLOWS (WORKFLOWS_ID_WORKFLOW , WORKFLOW_CATEGORY_ID_CATEGORY )  values ( 591 , 16 ) 
 insert  into WORKFLOW_CATEGORY_WORKFLOWS (WORKFLOWS_ID_WORKFLOW , WORKFLOW_CATEGORY_ID_CATEGORY )  values ( 323 , 17 ) 
 insert  into WORKFLOW_CATEGORY_WORKFLOWS (WORKFLOWS_ID_WORKFLOW , WORKFLOW_CATEGORY_ID_CATEGORY )  values ( 70 , 3 ) 
 insert  into WORKFLOW_CATEGORY_WORKFLOWS (WORKFLOWS_ID_WORKFLOW , WORKFLOW_CATEGORY_ID_CATEGORY )  values ( 201 , 14 ) 
 insert  into WORKFLOW_CATEGORY_WORKFLOWS (WORKFLOWS_ID_WORKFLOW , WORKFLOW_CATEGORY_ID_CATEGORY )  values ( 117 , 13 ) 
 insert  into WORKFLOW_CATEGORY_WORKFLOWS (WORKFLOWS_ID_WORKFLOW , WORKFLOW_CATEGORY_ID_CATEGORY )  values ( 85 , 13 ) 
 insert  into WORKFLOW_CATEGORY_WORKFLOWS (WORKFLOWS_ID_WORKFLOW , WORKFLOW_CATEGORY_ID_CATEGORY )  values ( 20 , 13 ) 
 insert  into WORKFLOW_CATEGORY_WORKFLOWS (WORKFLOWS_ID_WORKFLOW , WORKFLOW_CATEGORY_ID_CATEGORY )  values ( 180 , 15 ) 
 insert  into WORKFLOW_CATEGORY_WORKFLOWS (WORKFLOWS_ID_WORKFLOW , WORKFLOW_CATEGORY_ID_CATEGORY )  values ( 69 , 8 ) 
 insert  into WORKFLOW_CATEGORY_WORKFLOWS (WORKFLOWS_ID_WORKFLOW , WORKFLOW_CATEGORY_ID_CATEGORY )  values ( 449 , 3 ) 
 insert  into WORKFLOW_CATEGORY_WORKFLOWS (WORKFLOWS_ID_WORKFLOW , WORKFLOW_CATEGORY_ID_CATEGORY )  values ( 113 , 1 ) 
 insert  into WORKFLOW_CATEGORY_WORKFLOWS (WORKFLOWS_ID_WORKFLOW , WORKFLOW_CATEGORY_ID_CATEGORY )  values ( 336 , 12 ) 
 insert  into WORKFLOW_CATEGORY_WORKFLOWS (WORKFLOWS_ID_WORKFLOW , WORKFLOW_CATEGORY_ID_CATEGORY )  values ( 459 , 7 ) 
 insert  into WORKFLOW_CATEGORY_WORKFLOWS (WORKFLOWS_ID_WORKFLOW , WORKFLOW_CATEGORY_ID_CATEGORY )  values ( 166 , 16 ) 
 insert  into WORKFLOW_CATEGORY_WORKFLOWS (WORKFLOWS_ID_WORKFLOW , WORKFLOW_CATEGORY_ID_CATEGORY )  values ( 400 , 15 ) 
 insert  into WORKFLOW_CATEGORY_WORKFLOWS (WORKFLOWS_ID_WORKFLOW , WORKFLOW_CATEGORY_ID_CATEGORY )  values ( 447 , 5 ) 
 insert  into WORKFLOW_CATEGORY_WORKFLOWS (WORKFLOWS_ID_WORKFLOW , WORKFLOW_CATEGORY_ID_CATEGORY )  values ( 444 , 6 ) 
 insert  into WORKFLOW_CATEGORY_WORKFLOWS (WORKFLOWS_ID_WORKFLOW , WORKFLOW_CATEGORY_ID_CATEGORY )  values ( 672 , 12 ) 
 insert  into WORKFLOW_CATEGORY_WORKFLOWS (WORKFLOWS_ID_WORKFLOW , WORKFLOW_CATEGORY_ID_CATEGORY )  values ( 293 , 3 ) 
 insert  into WORKFLOW_CATEGORY_WORKFLOWS (WORKFLOWS_ID_WORKFLOW , WORKFLOW_CATEGORY_ID_CATEGORY )  values ( 84 , 10 ) 
 insert  into WORKFLOW_CATEGORY_WORKFLOWS (WORKFLOWS_ID_WORKFLOW , WORKFLOW_CATEGORY_ID_CATEGORY )  values ( 413 , 6 ) 
 insert  into WORKFLOW_CATEGORY_WORKFLOWS (WORKFLOWS_ID_WORKFLOW , WORKFLOW_CATEGORY_ID_CATEGORY )  values ( 374 , 5 ) 
 insert  into WORKFLOW_CATEGORY_WORKFLOWS (WORKFLOWS_ID_WORKFLOW , WORKFLOW_CATEGORY_ID_CATEGORY )  values ( 149 , 1 ) 
 insert  into WORKFLOW_CATEGORY_WORKFLOWS (WORKFLOWS_ID_WORKFLOW , WORKFLOW_CATEGORY_ID_CATEGORY )  values ( 29 , 17 ) 
 insert  into WORKFLOW_CATEGORY_WORKFLOWS (WORKFLOWS_ID_WORKFLOW , WORKFLOW_CATEGORY_ID_CATEGORY )  values ( 673 , 13 ) 
 insert  into WORKFLOW_CATEGORY_WORKFLOWS (WORKFLOWS_ID_WORKFLOW , WORKFLOW_CATEGORY_ID_CATEGORY )  values ( 402 , 10 ) 
 insert  into WORKFLOW_CATEGORY_WORKFLOWS (WORKFLOWS_ID_WORKFLOW , WORKFLOW_CATEGORY_ID_CATEGORY )  values ( 680 , 15 ) 
 insert  into WORKFLOW_CATEGORY_WORKFLOWS (WORKFLOWS_ID_WORKFLOW , WORKFLOW_CATEGORY_ID_CATEGORY )  values ( 175 , 7 ) 
 insert  into WORKFLOW_CATEGORY_WORKFLOWS (WORKFLOWS_ID_WORKFLOW , WORKFLOW_CATEGORY_ID_CATEGORY )  values ( 126 , 6 ) 
 insert  into WORKFLOW_CATEGORY_WORKFLOWS (WORKFLOWS_ID_WORKFLOW , WORKFLOW_CATEGORY_ID_CATEGORY )  values ( 532 , 7 ) 
 insert  into WORKFLOW_CATEGORY_WORKFLOWS (WORKFLOWS_ID_WORKFLOW , WORKFLOW_CATEGORY_ID_CATEGORY )  values ( 376 , 11 ) 
 insert  into WORKFLOW_CATEGORY_WORKFLOWS (WORKFLOWS_ID_WORKFLOW , WORKFLOW_CATEGORY_ID_CATEGORY )  values ( 53 , 16 ) 
 insert  into WORKFLOW_CATEGORY_WORKFLOWS (WORKFLOWS_ID_WORKFLOW , WORKFLOW_CATEGORY_ID_CATEGORY )  values ( 73 , 2 ) 
 insert  into WORKFLOW_CATEGORY_WORKFLOWS (WORKFLOWS_ID_WORKFLOW , WORKFLOW_CATEGORY_ID_CATEGORY )  values ( 678 , 7 ) 
 insert  into WORKFLOW_CATEGORY_WORKFLOWS (WORKFLOWS_ID_WORKFLOW , WORKFLOW_CATEGORY_ID_CATEGORY )  values ( 230 , 12 ) 
 insert  into WORKFLOW_CATEGORY_WORKFLOWS (WORKFLOWS_ID_WORKFLOW , WORKFLOW_CATEGORY_ID_CATEGORY )  values ( 450 , 5 ) 
 insert  into WORKFLOW_CATEGORY_WORKFLOWS (WORKFLOWS_ID_WORKFLOW , WORKFLOW_CATEGORY_ID_CATEGORY )  values ( 359 , 11 ) 
 insert  into WORKFLOW_CATEGORY_WORKFLOWS (WORKFLOWS_ID_WORKFLOW , WORKFLOW_CATEGORY_ID_CATEGORY )  values ( 86 , 2 ) 
 insert  into WORKFLOW_CATEGORY_WORKFLOWS (WORKFLOWS_ID_WORKFLOW , WORKFLOW_CATEGORY_ID_CATEGORY )  values ( 567 , 1 ) 
 insert  into WORKFLOW_CATEGORY_WORKFLOWS (WORKFLOWS_ID_WORKFLOW , WORKFLOW_CATEGORY_ID_CATEGORY )  values ( 581 , 2 ) 
 insert  into WORKFLOW_CATEGORY_WORKFLOWS (WORKFLOWS_ID_WORKFLOW , WORKFLOW_CATEGORY_ID_CATEGORY )  values ( 457 , 6 ) 
 insert  into WORKFLOW_CATEGORY_WORKFLOWS (WORKFLOWS_ID_WORKFLOW , WORKFLOW_CATEGORY_ID_CATEGORY )  values ( 196 , 2 ) 
 insert  into WORKFLOW_CATEGORY_WORKFLOWS (WORKFLOWS_ID_WORKFLOW , WORKFLOW_CATEGORY_ID_CATEGORY )  values ( 219 , 5 ) 
 insert  into WORKFLOW_CATEGORY_WORKFLOWS (WORKFLOWS_ID_WORKFLOW , WORKFLOW_CATEGORY_ID_CATEGORY )  values ( 235 , 15 ) 
 insert  into WORKFLOW_CATEGORY_WORKFLOWS (WORKFLOWS_ID_WORKFLOW , WORKFLOW_CATEGORY_ID_CATEGORY )  values ( 29 , 3 ) 
 insert  into WORKFLOW_CATEGORY_WORKFLOWS (WORKFLOWS_ID_WORKFLOW , WORKFLOW_CATEGORY_ID_CATEGORY )  values ( 1 , 4 ) 
 insert  into WORKFLOW_CATEGORY_WORKFLOWS (WORKFLOWS_ID_WORKFLOW , WORKFLOW_CATEGORY_ID_CATEGORY )  values ( 210 , 1 )
 
 